date,demand_axis,price_score,affordability_score,candidate_id,candidate_label,geo_id,weighted_price_contribution,weighted_affordability_contribution,price_affordability_net,price_affordability_gross,cancellation_amount,cancellation_rate,material_cancellation
2015-11-30,0.3767650183752783,0.5303703703703703,-0.98,price_family_ma9_structural_linked,MA9,alameda_county_ca__county,0.07955555555555553,-0.098,-0.01844444444444447,0.17755555555555552,0.15911111111111104,0.8961201501877344,True
2018-05-31,0.3045034112391418,0.3656969696969697,-0.6097186147186148,price_family_ma9_structural_linked,MA9,alameda_county_ca__county,0.054854545454545454,-0.06097186147186148,-0.006117316017316028,0.11582640692640694,0.10970909090909092,0.9471854805855905,True
2018-06-30,0.1884353632303676,0.5695460627895008,-0.7120047489823609,price_family_ma9_structural_linked,MA9,alameda_county_ca__county,0.08543190941842511,-0.0712004748982361,0.014231434520189018,0.1566323843166612,0.1424009497964722,0.909141174206877,True
2018-07-31,0.3017902082273855,0.5257108673978066,-0.6858985132514545,price_family_ma9_structural_linked,MA9,alameda_county_ca__county,0.07885663010967099,-0.06858985132514545,0.010266778784525546,0.14744648143481642,0.1371797026502909,0.9303694555162084,True
2018-08-31,0.1216733194463079,0.3765797101449275,-0.6700637958532696,price_family_ma9_structural_linked,MA9,alameda_county_ca__county,0.05648695652173913,-0.06700637958532696,-0.01051942306358783,0.12349333610706609,0.11297391304347826,0.9148178890036001,True
2019-12-31,0.1231869795258804,-0.4219729805797917,0.6310194375110553,price_family_ma9_structural_linked,MA9,alameda_county_ca__county,-0.06329594708696876,0.06310194375110553,-0.00019400333586322427,0.1263978908380743,0.12620388750221107,0.9984651378707596,True
2020-01-31,-4.230626870553589e-05,-0.5087311956400015,0.6710207265264704,price_family_ma9_structural_linked,MA9,alameda_county_ca__county,-0.07630967934600022,0.06710207265264705,-0.009207606693353174,0.14341175199864725,0.13420414530529406,0.9357960099850112,True
2020-02-29,0.206970822932331,-0.5415443560271147,0.7214220032840724,price_family_ma9_structural_linked,MA9,alameda_county_ca__county,-0.0812316534040672,0.07214220032840724,-0.009089453075659962,0.15337385373247442,0.14428440065681447,0.9407366193489901,True
2020-03-31,-0.1109670729320017,-0.497453812010774,0.6518181818181819,price_family_ma9_structural_linked,MA9,alameda_county_ca__county,-0.0746180718016161,0.06518181818181819,-0.009436253619797913,0.1397998899834343,0.13036363636363638,0.9325017092580253,True
2020-04-30,-0.1476696767493413,-0.3801636541279921,0.5978732790595869,price_family_ma9_structural_linked,MA9,alameda_county_ca__county,-0.05702454811919881,0.05978732790595869,0.0027627797867598794,0.1168118760251575,0.11404909623839762,0.9763484683169984,True
2021-04-30,-0.0785566049678647,0.5418458889367197,-0.650222369290357,price_family_ma9_structural_linked,MA9,alameda_county_ca__county,0.08127688334050795,-0.0650222369290357,0.016254646411472243,0.14629912026954367,0.13004447385807144,0.8888944350347122,True
2021-05-31,0.1333796259518279,0.7595673624288425,-0.7437938205585264,price_family_ma9_structural_linked,MA9,alameda_county_ca__county,0.11393510436432637,-0.07437938205585264,0.039555722308473734,0.188314486420179,0.14875876411170527,0.7899485957749711,True
2021-06-30,-0.0248670346383498,0.7952976657715348,-0.7954675130694548,price_family_ma9_structural_linked,MA9,alameda_county_ca__county,0.11929464986573021,-0.0795467513069455,0.03974789855878472,0.1988414011726757,0.159093502613891,0.8001025021732407,True
2021-07-31,0.1093293470142068,0.8019109311740891,-0.7936502036491274,price_family_ma9_structural_linked,MA9,alameda_county_ca__county,0.12028663967611336,-0.07936502036491275,0.04092161931120061,0.1996516600410261,0.1587300407298255,0.7950349157988884,True
2021-08-31,0.0017133409478518,0.8045714285714287,-0.8209962049335863,price_family_ma9_structural_linked,MA9,alameda_county_ca__county,0.1206857142857143,-0.08209962049335863,0.03858609379235567,0.20278533477907293,0.16419924098671726,0.8097195054346815,True
2021-09-30,0.0492626435161558,0.7913705504765611,-0.8428208930791627,price_family_ma9_structural_linked,MA9,alameda_county_ca__county,0.11870558257148417,-0.08428208930791628,0.03442349326356789,0.20298767187940045,0.16856417861583256,0.8304158427708868,True
2021-10-31,-0.0027753689747114,0.7824962807552929,-0.899533467024859,price_family_ma9_structural_linked,MA9,alameda_county_ca__county,0.11737444211329393,-0.0899533467024859,0.02742109541080802,0.20732778881577985,0.17990669340497184,0.8677403759166462,True
2021-11-30,0.1024173348113744,0.7438114478114478,-0.8886375661375662,price_family_ma9_structural_linked,MA9,alameda_county_ca__county,0.11157171717171717,-0.08886375661375662,0.022707960557960552,0.20043547378547377,0.17772751322751323,0.8867068781334342,True
2021-12-31,0.1923074061529249,0.5837431192660552,-0.5909796937375194,price_family_ma9_structural_linked,MA9,alameda_county_ca__county,0.08756146788990828,-0.05909796937375194,0.028463498516156337,0.1466594372636602,0.11819593874750386,0.8059211255189431,True
2022-01-31,0.0703195755799064,0.349023633336785,-0.5903264959339726,price_family_ma9_structural_linked,MA9,alameda_county_ca__county,0.05235354500051775,-0.05903264959339726,-0.0066791045928795145,0.11138619459391501,0.1047070900010355,0.9400365133468309,True
2022-04-30,0.0228973146861262,0.4527733151803947,-0.792073034737102,price_family_ma9_structural_linked,MA9,alameda_county_ca__county,0.0679159972770592,-0.0792073034737102,-0.011291306196651002,0.1471233007507694,0.1358319945541184,0.9232527673112857,True
2022-05-31,0.1749772868669076,0.5611127819548872,-0.8195442501324854,price_family_ma9_structural_linked,MA9,alameda_county_ca__county,0.08416691729323308,-0.08195442501324855,0.002212492279984532,0.16612134230648162,0.16390885002649708,0.9866814688030713,True
2022-06-30,0.0096541901395345,0.6021033634126334,-0.8406927877947296,price_family_ma9_structural_linked,MA9,alameda_county_ca__county,0.090315504511895,-0.08406927877947296,0.006246225732422048,0.17438478329136797,0.1681385575589459,0.9641813602395247,True
2022-07-31,0.0744157487637645,0.4380883016435707,-0.7974625595643294,price_family_ma9_structural_linked,MA9,alameda_county_ca__county,0.0657132452465356,-0.07974625595643295,-0.014033010709897348,0.14545950120296855,0.1314264904930712,0.9035263383014339,True
2015-11-30,0.2252898659945197,0.4748148148148147,-0.611111111111111,price_family_ma9_structural_linked,MA9,district_of_columbia_dc__county,0.0712222222222222,-0.06111111111111111,0.010111111111111092,0.1323333333333333,0.1222222222222222,0.9235936188077247,True
2016-03-31,0.2629231653580046,-0.3674418604651163,0.6496138996138996,price_family_ma9_structural_linked,MA9,district_of_columbia_dc__county,-0.05511627906976744,0.06496138996138996,0.009845110891622523,0.12007766903115741,0.11023255813953489,0.9180104762937401,True
2016-04-30,0.2806398436815067,-0.2919438285291943,0.6357968090959105,price_family_ma9_structural_linked,MA9,district_of_columbia_dc__county,-0.043791574279379145,0.06357968090959105,0.01978810663021191,0.1073712551889702,0.08758314855875829,0.815703871623877,True
2017-12-31,0.2188345603868643,-0.3373305485498108,0.7867375780159435,price_family_ma9_structural_linked,MA9,district_of_columbia_dc__county,-0.05059958228247162,0.07867375780159436,0.028074175519122738,0.129273340084066,0.10119916456494325,0.7828308953658488,True
2018-01-31,0.1119139185843797,-0.4657989606254975,0.7600481137233461,price_family_ma9_structural_linked,MA9,district_of_columbia_dc__county,-0.06986984409382463,0.07600481137233461,0.006134967278509984,0.14587465546615924,0.13973968818764926,0.9579435697112361,True
2018-02-28,0.227040856845654,-0.5797979797979799,0.6864052287581699,price_family_ma9_structural_linked,MA9,district_of_columbia_dc__county,-0.08696969696969697,0.068640522875817,-0.018329174093879977,0.155610219845514,0.13728104575163402,0.8822109877354025,True
2018-04-30,0.1829383485728909,-0.4270265029088559,0.3901587152956599,price_family_ma9_structural_linked,MA9,district_of_columbia_dc__county,-0.06405397543632839,0.03901587152956599,-0.0250381039067624,0.10306984696589438,0.07803174305913199,0.7570763453733714,True
2021-11-30,0.0662407901841912,0.4213324233324234,-0.5549768518518519,price_family_ma9_structural_linked,MA9,district_of_columbia_dc__county,0.0631998634998635,-0.05549768518518519,0.007702178314678315,0.1186975486850487,0.11099537037037038,0.9351108898203515,True
2021-12-31,0.0373356770778302,0.4025635648754915,-0.6443437360025268,price_family_ma9_structural_linked,MA9,district_of_columbia_dc__county,0.06038453473132372,-0.06443437360025268,-0.0040498388689289636,0.12481890833157641,0.12076906946264745,0.967554283857613,True
2024-01-31,0.0428091945266888,-0.4483333333333333,0.4241666666666667,price_family_ma9_structural_linked,MA9,district_of_columbia_dc__county,-0.06724999999999999,0.04241666666666667,-0.02483333333333332,0.10966666666666666,0.08483333333333334,0.7735562310030396,True
2015-11-30,0.4442094628197227,0.98,-0.98,price_family_ma12_structural_linked,MA12,alameda_county_ca__county,0.147,-0.098,0.04899999999999999,0.245,0.196,0.8,True
2018-05-31,0.29268522942096,0.3071111111111111,-0.640021645021645,price_family_ma12_structural_linked,MA12,alameda_county_ca__county,0.046066666666666665,-0.0640021645021645,-0.01793549783549784,0.11006883116883118,0.09213333333333334,0.8370519824273674,True
2018-06-30,0.1687214660236115,0.4114545454545454,-0.6720064450474899,price_family_ma12_structural_linked,MA12,alameda_county_ca__county,0.06171818181818181,-0.06720064450474898,-0.005482462686567172,0.12891882632293078,0.12343636363636361,0.9574735293289588,True
2018-07-31,0.2907356466374301,0.4119340659340659,-0.6257789269553975,price_family_ma12_structural_linked,MA12,alameda_county_ca__county,0.061790109890109884,-0.06257789269553975,-0.0007877828054298625,0.12436800258564963,0.12358021978021977,0.9936657115250578,True
2018-08-31,0.1220823756837395,0.3385837320574163,-0.6089792663476874,price_family_ma12_structural_linked,MA12,alameda_county_ca__county,0.050787559808612444,-0.06089792663476874,-0.010110366826156299,0.1116854864433812,0.1015751196172249,0.9094746582736896,True
2019-12-31,0.108557453449979,-0.5426434228887012,0.6657298402154046,price_family_ma12_structural_linked,MA12,alameda_county_ca__county,-0.08139651343330517,0.06657298402154047,-0.014823529411764708,0.14796949745484564,0.13314596804308093,0.8998203706389672,True
2020-01-31,0.0037980993765835,-0.481215118172249,0.6681506667777333,price_family_ma12_structural_linked,MA12,alameda_county_ca__county,-0.07218226772583734,0.06681506667777333,-0.005367201048064013,0.13899733440361067,0.13363013335554666,0.9613863023266395,True
2020-02-29,0.2176711134464146,-0.4384564860426929,0.6737931034482758,price_family_ma12_structural_linked,MA12,alameda_county_ca__county,-0.06576847290640393,0.06737931034482758,0.0016108374384236485,0.1331477832512315,0.13153694581280784,0.987901883162529,True
2020-03-31,-0.1058259642601351,-0.4158474528567407,0.580819729805798,price_family_ma12_structural_linked,MA12,alameda_county_ca__county,-0.0623771179285111,0.0580819729805798,-0.004295144947931297,0.1204590909090909,0.11616394596115961,0.9643435384119511,True
2020-04-30,-0.1500824271821261,-0.3712791138832424,0.5604189643646137,price_family_ma12_structural_linked,MA12,alameda_county_ca__county,-0.055691867082486364,0.056041896436461375,0.0003500293539750107,0.11173376351894773,0.11138373416497271,0.9968672911128098,True
2020-05-31,-0.0866316398576291,-0.3707709991158267,0.5424255820807546,price_family_ma12_structural_linked,MA12,alameda_county_ca__county,-0.05561564986737401,0.05424255820807547,-0.0013730916592985393,0.10985820807544948,0.10848511641615094,0.9875012374281992,True
2020-06-30,0.0619710272999064,-0.3450031993323132,0.5182263938593052,price_family_ma12_structural_linked,MA12,alameda_county_ca__county,-0.051750479899846984,0.05182263938593053,7.215948608354367e-05,0.1035731192857775,0.10350095979969395,0.9993032990936147,True
2020-07-31,0.0389712667270602,-0.3486629213483146,0.5234581094284319,price_family_ma12_structural_linked,MA12,alameda_county_ca__county,-0.05229943820224719,0.052345810942843185,4.637274059599711e-05,0.10464524914509038,0.10459887640449439,0.9995568576598093,True
2021-03-31,-0.1497500887276485,0.367415182755389,-0.5654826616682287,price_family_ma12_structural_linked,MA12,alameda_county_ca__county,0.05511227741330835,-0.056548266166822875,-0.0014359887535145277,0.11166054358013122,0.1102245548266167,0.9871396940452469,True
2021-04-30,-0.0936488467623561,0.4298454482916762,-0.6331441262677059,price_family_ma12_structural_linked,MA12,alameda_county_ca__county,0.06447681724375143,-0.0633144126267706,0.0011624046169808333,0.12779122987052202,0.1266288252535412,0.990903878003533,True
2021-05-31,0.1166222993652792,0.6166060606060606,-0.6969251336898397,price_family_ma12_structural_linked,MA12,alameda_county_ca__county,0.09249090909090908,-0.06969251336898397,0.022798395721925116,0.16218342245989303,0.13938502673796793,0.8594283227216826,True
2021-06-30,-0.032327074453936,0.7165714285714286,-0.7519785554251573,price_family_ma12_structural_linked,MA12,alameda_county_ca__county,0.1074857142857143,-0.07519785554251573,0.03228785874319856,0.18268356982823003,0.15039571108503147,0.8232580041349229,True
2021-07-31,0.1089124248784094,0.7835591907016789,-0.7702918142984867,price_family_ma12_structural_linked,MA12,alameda_county_ca__county,0.11753387860525183,-0.07702918142984867,0.040504697175403157,0.1945630600351005,0.15405836285969732,0.7918171251619097,True
2021-08-31,0.0023260634562099,0.7790487033523088,-0.7765848920213247,price_family_ma12_structural_linked,MA12,alameda_county_ca__county,0.11685730550284631,-0.07765848920213247,0.03919881630071384,0.1945157947049788,0.15531697840426495,0.7984800341783735,True
2021-09-30,0.0492021490872275,0.7622053294773807,-0.7996780058696745,price_family_ma12_structural_linked,MA12,alameda_county_ca__county,0.11433079942160711,-0.07996780058696745,0.034362998834639655,0.19429860000857457,0.1599356011739349,0.8231433534100442,True
2021-10-31,-0.0032706972357975,0.7495222672064777,-0.8550257293124977,price_family_ma12_structural_linked,MA12,alameda_county_ca__county,0.11242834008097166,-0.08550257293124977,0.02692576714972189,0.19793091301222143,0.17100514586249954,0.8639638107057116,True
2021-11-30,0.1055303398618794,0.7367142857142858,-0.8468617724867725,price_family_ma12_structural_linked,MA12,alameda_county_ca__county,0.11050714285714286,-0.08468617724867726,0.0258209656084656,0.19519332010582013,0.16937235449735455,0.8677159362089478,True
2022-01-31,0.1112153188078491,0.6397535761968338,-0.6174639779446187,price_family_ma12_structural_linked,MA12,alameda_county_ca__county,0.09596303642952507,-0.06174639779446187,0.0342166386350632,0.15770943422398695,0.12349279558892376,0.7830400013580229,True
2022-02-28,0.2548685329633186,0.6926329966329967,-0.718008918008918,price_family_ma12_structural_linked,MA12,alameda_county_ca__county,0.1038949494949495,-0.0718008918008918,0.032094057694057695,0.17569584129584132,0.1436017836017836,0.8173317168047428,True
2022-03-31,0.2258448551430582,0.7471926605504589,-0.8679633027522935,price_family_ma12_structural_linked,MA12,alameda_county_ca__county,0.11207889908256882,-0.08679633027522936,0.025282568807339464,0.19887522935779817,0.1735926605504587,0.872872207921614,True
2022-04-30,0.0618723292536142,0.7786102610261028,-0.8910783078307831,price_family_ma12_structural_linked,MA12,alameda_county_ca__county,0.11679153915391541,-0.08910783078307832,0.027683708370837085,0.20589936993699373,0.17821566156615665,0.8655473866709332,True
2022-05-31,0.1905540367702828,0.697854795972443,-0.8688897721250662,price_family_ma12_structural_linked,MA12,alameda_county_ca__county,0.10467821939586645,-0.08688897721250663,0.017789242183359824,0.19156719660837307,0.17377795442501326,0.9071383697297251,True
2022-06-30,0.0094980476248655,0.6049459084604715,-0.8465180305131761,price_family_ma12_structural_linked,MA12,alameda_county_ca__county,0.09074188626907072,-0.08465180305131761,0.006090083217753103,0.17539368932038835,0.16930360610263523,0.965277637745401,True
2017-03-31,0.0669388920664442,0.3168163265306122,-0.6890816326530612,price_family_ma12_structural_linked,MA12,district_of_columbia_dc__county,0.047522448979591826,-0.06890816326530612,-0.021385714285714293,0.11643061224489795,0.09504489795918367,0.8163222379975811,True
2017-12-31,0.2004105965634997,-0.4874793784104936,0.8277211845733206,price_family_ma12_structural_linked,MA12,district_of_columbia_dc__county,-0.07312190676157404,0.08277211845733207,0.009650211695758026,0.1558940252189061,0.14624381352314808,0.9380976167482543,True
2018-01-31,0.0993475680363235,-0.5818326954620011,0.8084352104975396,price_family_ma12_structural_linked,MA12,district_of_columbia_dc__county,-0.08727490431930017,0.08084352104975397,-0.006431383269546204,0.16811842536905414,0.16168704209950793,0.961744923226422,True
2018-02-28,0.2262206378489644,-0.5434547152194212,0.6236881419234359,price_family_ma12_structural_linked,MA12,district_of_columbia_dc__county,-0.08151820728291319,0.062368814192343594,-0.019149393090569594,0.14388702147525678,0.12473762838468719,0.866913687598554,True
2019-05-31,0.0347189358159234,-0.4233566433566434,0.4392587412587413,price_family_ma12_structural_linked,MA12,district_of_columbia_dc__county,-0.06350349650349651,0.043925874125874134,-0.01957762237762238,0.10742937062937065,0.08785174825174827,0.8177628495547571,True
2019-06-30,0.1104241365141669,-0.4426346018077501,0.5808028478526754,price_family_ma12_structural_linked,MA12,district_of_columbia_dc__county,-0.06639519027116252,0.05808028478526755,-0.008314905485894968,0.12447547505643006,0.11616056957053508,0.9332004518791716,True
2019-07-31,0.1896336525275785,-0.4682872421695951,0.5812690985485103,price_family_ma12_structural_linked,MA12,district_of_columbia_dc__county,-0.07024308632543927,0.05812690985485103,-0.012116176470588241,0.1283699961802903,0.11625381970970206,0.905615199570688,True
2019-08-31,0.1812525399934242,-0.4223311449688261,0.540901771336554,price_family_ma12_structural_linked,MA12,district_of_columbia_dc__county,-0.06334967174532391,0.05409017713365541,-0.0092594946116685,0.11743984887897932,0.10818035426731082,0.9211554280761182,True
2021-12-31,0.0631807135754646,0.5202948842637619,-0.5624903501085892,price_family_ma12_structural_linked,MA12,district_of_columbia_dc__county,0.07804423263956428,-0.05624903501085892,0.02179519762870536,0.1342932676504232,0.11249807002171786,0.8377044656814807,True
2022-01-31,-0.0586189961911609,0.4146915887850467,-0.6723802299169456,price_family_ma12_structural_linked,MA12,district_of_columbia_dc__county,0.062203738317757,-0.06723802299169455,-0.005034284673937552,0.12944176130945156,0.12440747663551402,0.9611077242536721,True
2024-01-31,0.0451425278600222,-0.435,0.4275,price_family_ma12_structural_linked,MA12,district_of_columbia_dc__county,-0.06525,0.04275,-0.0225,0.10800000000000001,0.08550000000000002,0.7916666666666667,True
