geo_id,date,integrated_demand_axis,axis_change,absolute_axis_change,axis_direction,dominant_dimension_by_absolute_change,gross_component_activity,effective_component_count,aligned_component_activity,opposing_component_activity,component_cancellation,component_cancellation_rate,net_to_gross_ratio,axis_change_reconstruction_residual,demand_score_change,demand_contribution_change,demand_share_of_axis_change,demand_share_of_absolute_change,price_score_change,price_contribution_change,price_share_of_axis_change,price_share_of_absolute_change,affordability_score_change,affordability_contribution_change,affordability_share_of_axis_change,affordability_share_of_absolute_change,capital_markets_score_change,capital_markets_contribution_change,capital_markets_share_of_axis_change,capital_markets_share_of_absolute_change
alameda_county_ca__county,2020-03-31,-0.1058259642601351,-0.32349707770654956,0.32349707770654956,negative,demand,0.33027978766233523,1.2199083966106943,0.32688843268444245,0.0033913549778928076,0.006782709955785671,0.02053625504543451,0.9794637449545655,1.1102230246251565e-16,-0.4588333333333332,-0.2982416666666666,0.9219300179805872,0.9029970279972958,0.0226090331859522,0.0033913549778928076,-0.010483417661562838,0.010268127522717172,-0.09297337364247782,-0.009297337364247697,0.028740096912657404,0.028149882952428568,-0.1934942865352809,-0.0193494286535281,0.059813302768318484,0.0585849615275585
alameda_county_ca__county,2019-02-28,0.1381648094066043,0.2270686117841272,0.2270686117841272,positive,demand,0.23703040217190557,1.125659698282508,0.2320495069780163,0.004980895193889293,0.009961790387778363,0.04202747958278198,0.957972520417218,1.942890293094024e-16,0.3434166666666666,0.2232208333333332,0.9830545559751249,0.9417392506951195,-0.033205967959261895,-0.004980895193889293,-0.02193563942965662,0.02101373979139146,0.07593938034873969,0.0075939380348738995,0.03344336311041269,0.032037822850110254,0.012347356098092205,0.0012347356098092004,0.0054377203441180865,0.005209186663378785
alameda_county_ca__county,2024-12-31,-0.0327071226071983,0.21966708213754418,0.21966708213754418,positive,demand,0.22032432962606088,1.5330749943986326,0.21999570588180248,0.00032862374425840155,0.000657247488516699,0.002983090835370716,0.9970169091646293,1.1102230246251565e-16,0.2640959577668757,0.1716623725484692,0.7814660752901661,0.7791348910028149,0.009999999999999981,0.0014999999999999007,0.006828515157590513,0.006808145076604715,0.4683333333333334,0.0468333333333334,0.2132014176981182,0.21256541850289493,-0.003286237442584189,-0.00032862374425840155,-0.0014960081458751946,0.0014915454176855944
alameda_county_ca__county,2020-02-29,0.2176711134464145,0.2138730140698309,0.2138730140698309,positive,demand,0.2138730140698308,1.2552970146347793,0.2138730140698308,0.0,-8.326672684688674e-17,-3.8932787854993087e-16,1.0000000000000004,8.326672684688674e-17,0.292361111111111,0.1900347222222221,0.8885399733515448,0.8885399733515451,0.04275863212955611,0.006413794819433397,0.029988798948422973,0.029988798948422987,0.005642436670542539,0.0005642436670541956,0.002638218147849015,0.002638218147849016,0.16860253361121091,0.016860253361121097,0.07883300955218277,0.0788330095521828
alameda_county_ca__county,2017-09-30,0.3136487233974959,0.21260136942657348,0.21260136942657348,positive,demand,0.21260136942657348,1.0427474624663844,0.21260136942657348,0.0,0.0,0.0,1.0,0.0,0.3202777777777779,0.20818055555555567,0.9792060893918906,0.9792060893918906,0.012531108183281986,0.0018796662274923014,0.008841270555133866,0.008841270555133866,0.007764270443194166,0.0007764270443193985,0.0036520321878150204,0.0036520321878150204,0.017647205992061297,0.0017647205992061,0.008300607865160459,0.008300607865160459
alameda_county_ca__county,2021-05-31,0.1166222993652793,0.21027114612763542,0.21027114612763542,positive,demand,0.223027347612062,1.6460414463074986,0.2166492468698487,0.006378100742213302,0.012756201484426577,0.05719568304517954,0.9428043169548205,0.0,0.2622777777777776,0.1704805555555555,0.8107653317877153,0.7643930548467653,0.1867606123143844,0.0280140918471576,0.13322841656150453,0.12560832627524154,-0.06378100742213377,-0.006378100742213302,-0.03033274350605275,0.02859784152258983,0.18154599467135582,0.0181545994671356,0.08633899515683283,0.08140077735540333
alameda_county_ca__county,2023-12-31,-0.2750495686790538,-0.20043511303056158,0.20043511303056158,negative,demand,0.21082413906775346,1.1834085881907943,0.20562962604915747,0.005194513018596001,0.010389026037191884,0.04927816180410498,0.9507218381958951,-1.1102230246251565e-16,-0.2976353221269091,-0.19346295938249078,0.9652149089914814,0.9176508925304647,-0.015000000000000013,-0.002250000000000002,0.011225578023631671,0.010672402173438544,-0.09916666666666663,-0.009916666666666699,0.049475695733784145,0.04703762439404406,0.0519451301859597,0.005194513018596001,-0.025916182748897704,0.024639080902052767
alameda_county_ca__county,2020-12-31,-0.2369834262282735,-0.19786871846085372,0.19786871846085372,negative,demand,0.2048185746594226,1.6000632216888357,0.2013436465601381,0.003474928099284499,0.006949856198568888,0.03393176722436078,0.9660682327756392,-1.3877787807814457e-16,-0.2387185440978011,-0.1551670536635707,0.7841919373135724,0.7575829190374277,0.0034324011004538985,0.0005148601650681,-0.002602029108355295,0.002513737662339572,-0.4617659289656752,-0.0461765928965674,0.2333698487348467,0.2254511973503916,0.029600679342164538,0.002960067934216399,-0.014959756940064368,0.014452145949841089
alameda_county_ca__county,2026-02-28,-0.0254200556954818,0.1926361741552268,0.1926361741552268,positive,demand,0.19263617415522669,1.077567679071192,0.19263617415522669,0.0,-1.1102230246251565e-16,-5.763315376739865e-16,1.0000000000000007,1.1102230246251565e-16,0.2854166666666665,0.1855208333333332,0.9630633194772648,0.9630633194772653,0.008333333333333304,0.0012499999999999872,0.006488916245776006,0.006488916245776011,0.023333333333333428,0.002333333333333399,0.012112643658782344,0.012112643658782351,0.0353200748856011,0.0035320074885601006,0.018335120618176305,0.018335120618176316
alameda_county_ca__county,2018-10-31,0.0602634533580571,-0.1848900967845033,0.1848900967845033,negative,demand,0.1869293624153001,1.6312799532014726,0.18590972959990168,0.001019632815398401,0.0020392656307967882,0.010909284686191576,0.9890907153138084,-2.7755575615628914e-17,-0.2186111111111111,-0.1420972222222223,0.768549666496428,0.7601653393891408,-0.2232026001255113,-0.03348039001882669,0.18108265721689465,0.17910717495758352,0.010196328153983747,0.001019632815398401,-0.005514804919956439,0.005454642343095824,-0.1033211735885271,-0.0103321173588527,0.05588248120663374,0.05527284331017982
alameda_county_ca__county,2022-06-30,0.0094980476248655,-0.1810559891454173,0.1810559891454173,negative,demand,0.1998750104415074,1.27175837493303,0.19046549979346228,0.0094095106480451,0.018819021296090116,0.09415394778226878,0.9058460522177312,-1.3877787807814457e-16,-0.2715833333333333,-0.1765291666666666,0.9749976650862683,0.8831977858399018,-0.09290888751197157,-0.013936333126795694,0.07697250553585698,0.06972524026896351,0.02237174161189015,0.002237174161189001,-0.012356256049570323,0.011192865762694737,0.0717233648685609,0.0071723364868560985,-0.03961391457255551,0.03588410812843986
alameda_county_ca__county,2018-01-31,0.1423242236812679,-0.16952787069861852,0.16952787069861852,negative,demand,0.182347556047919,1.75445346110035,0.1759377133732687,0.0064098426746503,0.012819685349300475,0.07030357646214681,0.9296964235378532,-1.3877787807814457e-16,-0.2066666666666667,-0.1343333333333334,0.7923967473887942,0.7366884220703896,0.042732284497668194,0.0064098426746503,-0.037809963920596414,0.03515178823107375,-0.2053961314473021,-0.0205396131447301,0.12115773683753038,0.1126399146217924,-0.21064766895205228,-0.0210647668952052,0.12425547969427105,0.11551987507674413
alameda_county_ca__county,2018-08-31,0.1220823756837395,-0.16865327095369062,0.16865327095369062,negative,demand,0.1720132030752325,1.3065351527759235,0.17033323701446149,0.0016799660607710043,0.00335993212154187,0.019532989686101912,0.980467010313898,-1.3877787807814457e-16,-0.2304166666666666,-0.1497708333333333,0.8880398968037677,0.8706938226586527,-0.07335033387664958,-0.011002550081497399,0.06523769162187501,0.06396340446427982,0.0167996606077101,0.0016799660607710043,-0.009961064207478639,0.009766494843051358,-0.0955985359963088,-0.0095598535996308,0.05668347578183513,0.05557627803401614
alameda_county_ca__county,2018-02-28,0.3099121061029327,0.16758788242166478,0.16758788242166478,positive,demand,0.25510780274505707,1.458969134906288,0.2113478425833609,0.0437599601616962,0.08751992032339229,0.34307033882007776,0.6569296611799222,8.326672684688674e-17,0.32138888888888884,0.2089027777777777,1.2465267462009053,0.8188803930334716,0.0163004320372217,0.0024450648055831976,0.014589747004686265,0.009584437556489333,-0.23107984239804907,-0.0231079842398049,-0.13788577017557466,0.0905812522829729,-0.2065197592189124,-0.020651975921891295,-0.1232307230300174,0.08095391712706618
alameda_county_ca__county,2019-10-31,0.0075330917462866,-0.1652070465144174,0.1652070465144174,negative,demand,0.1681906329686239,1.3945501524611938,0.1666988397415206,0.0014917932271032996,0.002983586454206516,0.017739314024480222,0.9822606859755197,-8.326672684688674e-17,-0.2172222222222223,-0.1411944444444445,0.8546514656814149,0.83949053495021,0.009945288180688516,0.0014917932271032996,-0.009029840182834531,0.00886965701224036,-0.09480532749946569,-0.0094805327499465,0.057385765014079756,0.05636778090795996,-0.1602386254712963,-0.016023862547129602,0.0969926094873394,0.09527202712958971
alameda_county_ca__county,2022-04-30,0.0618723292536142,-0.163972525889444,0.163972525889444,negative,demand,0.17339780603213711,1.3914047631105129,0.16868516596079053,0.004712640071346599,0.009425280142693115,0.054356397917435344,0.9456436020825647,-5.551115123125783e-17,-0.22369444444444458,-0.14540138888888893,0.8867423862636818,0.838542264265677,0.0314176004756439,0.004712640071346599,-0.02874042493267455,0.02717819895871791,-0.023115005078489625,-0.002311500507848993,0.014096876871967487,0.013330621423321731,-0.20972276564052666,-0.0209722765640526,0.1279011617970247,0.12094891535228336
alameda_county_ca__county,2016-03-31,0.4466825321305282,-0.16235410308982579,0.16235410308982579,negative,demand,0.16235410308982562,3.0040108837542365,0.16235410308982562,0.0,-1.6653345369377348e-16,-1.0257421926788975e-15,1.000000000000001,-1.6653345369377348e-16,-0.11895426166433454,-0.07732027008181741,0.4762446320130164,0.47624463201301687,-0.28978978978978975,-0.043468468468468496,0.2677386505250111,0.2677386505250114,-0.16157641157641167,-0.016157641157641102,0.09952099053943558,0.0995209905394357,-0.2540772338189878,-0.025407723381898603,0.1564957269225358,0.15649572692253597
alameda_county_ca__county,2025-09-30,0.0323871416440006,0.1545036076264899,0.1545036076264899,positive,demand,0.1598158368179543,1.0949958358259464,0.157159722222222,0.0026561145957322996,0.0053122291914644015,0.03323969199320055,0.9667603080067995,2.220446049250313e-16,0.234861111111111,0.1526597222222221,0.9880657453078677,0.955222744264802,0.006666666666666599,0.0009999999999998899,0.006472340778070208,0.006257202164132123,0.035,0.0034999999999999996,0.02265319272324822,0.021900207574464838,-0.026561145957322285,-0.0026561145957322996,-0.017191278809187523,0.016619845996600893
alameda_county_ca__county,2025-04-30,-0.1242431083856773,-0.1544440350161139,0.1544440350161139,negative,demand,0.1672773683494472,1.544297512067986,0.1608607016827805,0.0064166666666667,0.012833333333333308,0.07671888588373836,0.9232811141162617,-1.1102230246251565e-16,-0.20458333333333328,-0.1329791666666666,0.8610184695886263,0.7949620918764654,-0.08133333333333331,-0.012199999999999905,0.07899301516388782,0.07293275904791709,0.0641666666666667,0.0064166666666667,-0.041546872729640985,0.03835944294186946,-0.15681535016114012,-0.015681535016114002,0.10153538797712629,0.09374570613374804
alameda_county_ca__county,2017-10-31,0.1592164613921737,-0.15443226200532217,0.15443226200532217,negative,demand,0.17084787044868271,1.752192120837242,0.16264006622700242,0.008207804221680302,0.01641560844336054,0.0960831902689198,0.9039168097310802,-5.551115123125783e-17,-0.19319444444444456,-0.125576388888889,0.8131486728113928,0.735018754164736,0.05471869481120181,0.008207804221680302,-0.05314824839771781,0.04804159513446008,-0.10318956987802158,-0.010318956987802101,0.06681866116450771,0.060398511030323836,-0.26744720350311313,-0.0267447203503113,0.17318091442181688,0.15654113967047992
district_of_columbia_dc__county,2020-03-31,-0.0349192909741274,-0.35183229458657006,0.35183229458657006,negative,demand,0.3535676870045503,1.241022798455044,0.3526999907955602,0.0008676962089901041,0.0017353924179802638,0.004908232516049832,0.9950917674839501,0.0,-0.4866666666666666,-0.3163333333333332,0.8991026071243663,0.8946896024728133,0.005784641393267509,0.0008676962089901041,-0.0024662210443464655,0.0024541162580248377,-0.1701722880869886,-0.017017228808698895,0.048367444008218304,0.048130045346818945,-0.1934942865352809,-0.0193494286535281,0.05499616991176198,0.05472623592234287
district_of_columbia_dc__county,2021-08-31,-0.1050349529863036,-0.3034636907058931,0.3034636907058931,negative,demand,0.3086224923261793,1.236483578282856,0.3060430915160362,0.002579400810143101,0.005158801620286202,0.01671557241794914,0.9832844275820508,5.551115123125783e-17,-0.4255833333333332,-0.2766291666666666,0.9115725377991477,0.8963350810293524,-0.13700073979017402,-0.020550110968526103,0.06771851657351188,0.06658656280569125,0.02579400810143062,0.002579400810143101,-0.00849986634032923,0.00835778620897457,-0.08863813880843457,-0.0088638138808435,0.02920881196766968,0.02872056995598184
district_of_columbia_dc__county,2017-10-31,-0.0865602807601724,-0.2662692806482108,0.2662692806482108,negative,demand,0.26626928064821076,1.3431407861167568,0.26626928064821076,0.0,-5.551115123125783e-17,-2.0847748976570064e-16,1.0000000000000002,-5.551115123125783e-17,-0.35083333333333333,-0.2280416666666666,0.8564325036351087,0.8564325036351089,-0.04496517590933591,-0.006744776386400392,0.02533065913567192,0.025330659135671927,-0.0473811724483251,-0.004738117244832498,0.017794456924576273,0.017794456924576277,-0.26744720350311313,-0.0267447203503113,0.10044238030464296,0.10044238030464299
district_of_columbia_dc__county,2016-11-30,0.0887314830579999,-0.2524524795356386,0.2524524795356386,negative,demand,0.2907887679517139,2.6739839432955956,0.27162062374367607,0.0191681442080378,0.03833628841607528,0.13183551994154433,0.8681644800584557,-3.3306690738754696e-16,-0.22259725400457672,-0.1446882151029749,0.573130497149858,0.49757154006375065,-0.6474343434343434,-0.0971151515151514,0.3846868594587985,0.333971467327368,0.1916814420803783,0.0191681442080378,-0.07592773199651558,0.06591775997077272,-0.2981725712554992,-0.0298172571255498,0.11811037538785794,0.10253923263810871
district_of_columbia_dc__county,2019-10-31,0.0856618200283991,-0.24336278696619046,0.24336278696619046,negative,demand,0.2433627869661904,1.3109950675498445,0.2433627869661904,0.0,-5.551115123125783e-17,-2.281004089543477e-16,1.0000000000000002,-5.551115123125783e-17,-0.32513888888888887,-0.2113402777777778,0.868416574334919,0.8684165743349193,-0.1063473292954272,-0.015952099394314002,0.0655486386935985,0.06554863869359852,-0.0004654724696898094,-4.6547246969001754e-05,0.00019126690464581341,0.00019126690464581347,-0.1602386254712963,-0.016023862547129602,0.06584352006683644,0.06584352006683646
district_of_columbia_dc__county,2019-11-30,0.3244244845693639,0.2387626645409648,0.2387626645409648,positive,demand,0.2629835934163142,1.3972389042048148,0.2508731289786395,0.0121104644376747,0.024220928875349435,0.0921005320548901,0.9078994679451099,-2.7755575615628914e-17,0.3390277777777778,0.2203680555555555,0.9229586040146854,0.8379536255202943,0.1865183000427075,0.0279777450064061,0.11717805654495837,0.10638589519200971,-0.12110464437674678,-0.0121104644376747,-0.05072176783148981,0.04605026602744499,0.025273284166778487,0.0025273284166778993,0.010585107271846025,0.00961021326025092
district_of_columbia_dc__county,2019-02-28,0.2317617271130808,0.2373205540319179,0.2373205540319179,positive,demand,0.2373205540319178,1.2040256262586657,0.2373205540319178,0.0,-1.1102230246251565e-16,-4.678157899782419e-16,1.0000000000000004,1.1102230246251565e-16,0.33161111111111097,0.2155472222222221,0.9082534932614078,0.9082534932614083,0.1165902223376099,0.017488533350641502,0.07369160847437353,0.07369160847437356,0.030500628492450332,0.0030500628492449965,0.012852080434780989,0.012852080434780994,0.012347356098092205,0.0012347356098092004,0.005202817829437299,0.005202817829437301
district_of_columbia_dc__county,2018-08-31,0.030657940336478,-0.22085414277297677,0.22085414277297677,negative,demand,0.25189510181393576,1.3093650027272254,0.23637462229345624,0.0155204795204795,0.031040959040958993,0.12322970481533077,0.8767702951846692,-2.7755575615628914e-17,-0.33730555555555564,-0.21924861111111113,0.9927303529754657,0.87039648461708,0.1034698634698635,0.0155204795204795,-0.07027479460248799,0.0616148524076654,-0.0756615758271432,-0.007566157582714301,0.03425861741924308,0.03003693810728841,-0.0955985359963088,-0.0095598535996308,0.04328582420777901,0.03795172486796611
district_of_columbia_dc__county,2023-09-30,-0.02959219774524,0.2082266045198765,0.2082266045198765,positive,demand,0.2082266045198764,1.312148135041051,0.2082266045198764,0.0,-1.1102230246251565e-16,-5.331801991321333e-16,1.0000000000000004,1.1102230246251565e-16,0.27861111111111103,0.1810972222222222,0.8697122187618218,0.8697122187618223,0.06824641460234682,0.010236962190352,0.04916260443258978,0.04916260443258981,0.0823174706649282,0.008231747066492802,0.03953263842280553,0.03953263842280555,0.08660673040809375,0.008660673040809405,0.04159253838278235,0.041592538382782374
district_of_columbia_dc__county,2020-01-31,0.3311219767388155,0.2033641986387998,0.2033641986387998,positive,demand,0.20408144685876198,1.4170117202947783,0.2037228227487809,0.0003586241099810955,0.000717248219962191,0.003514519477405385,0.9964854805225947,-2.7755575615628914e-17,0.260138888888889,0.1690902777777778,0.8314653164596746,0.8285431154101901,0.04861781235029089,0.007292671852543599,0.03586015582563917,0.03573412460952718,-0.0035862410998106498,-0.0003586241099810955,-0.0017634574442380426,0.0017572597387026925,0.2733987311845945,0.0273398731184595,0.1344379851589243,0.13396550024158013
district_of_columbia_dc__county,2019-12-31,0.1277577781000157,-0.1966667064693482,0.1966667064693482,negative,demand,0.321931584815534,1.7329050201995173,0.2592991456424411,0.0626324391730929,0.12526487834618583,0.3891040340697303,0.6108959659302697,5.551115123125783e-17,-0.3625750338985634,-0.23567377203406611,1.198340971204485,0.7320616651177815,-0.0413268678547139,-0.0061990301782071,0.031520486052240164,0.019255737773474845,0.6263243917309285,0.0626324391730929,-0.3184699652396659,0.1945520170348651,-0.1742634343016784,-0.017426343430167898,0.08860850798294072,0.05413058007387858
district_of_columbia_dc__county,2022-08-31,-0.1304007887956957,-0.1818657290985119,0.1818657290985119,negative,demand,0.20012691678326258,1.3746201423973359,0.19099632294088728,0.009130593842375294,0.018261187684750685,0.09124803388905225,0.9087519661109478,8.326672684688674e-17,-0.261111111111111,-0.1697222222222222,0.9332281736834988,0.8480729376650085,-0.09230785028893052,-0.013846177543339597,0.07613406666541053,0.06918698277021379,0.09130593842375312,0.009130593842375294,-0.05020513698559166,0.045624016944525884,-0.07427923175325529,-0.0074279231753255,0.040842896636682925,0.03711606262025183
district_of_columbia_dc__county,2020-12-31,-0.1242122524398112,-0.17892211157800658,0.17892211157800658,negative,demand,0.18484224744643954,1.4629362914910038,0.18188217951222313,0.002960067934216399,0.0059201358684329575,0.032028045266807276,0.9679719547331928,1.3877787807814457e-16,-0.2309648736912669,-0.1501271678993235,0.8390643647969187,0.8121907733394381,-0.02369432604888222,-0.0035541489073323967,0.019864224024557505,0.019228011758308974,-0.2820086270556733,-0.0282008627055672,0.15761530230584256,0.15256719226884952,0.029600679342164538,0.002960067934216399,-0.01654389112731808,0.016014022633403208
district_of_columbia_dc__county,2022-02-28,0.1176866040997721,0.176305600290933,0.176305600290933,positive,demand,0.26539598990201685,1.44597324380261,0.22085079509647487,0.044545194805542004,0.08909038961108384,0.33568852959675716,0.6643114704032429,1.1102230246251565e-16,0.3350833333333334,0.21780416666666658,1.2353786057122074,0.8206761780653845,-0.2260989961924541,-0.0339148494288682,-0.19236399395653436,0.12778960767790587,-0.10630345376673811,-0.010630345376673803,-0.060294995502876814,0.040054657120473014,0.030466284298083096,0.003046628429808299,0.017280383747202956,0.011479557136236695
district_of_columbia_dc__county,2017-11-30,0.0878929920685084,0.17445327282868078,0.17445327282868078,positive,demand,0.2108745091596815,1.4915416933090655,0.1926638909941812,0.018210618165500313,0.03642123633100072,0.17271521568034237,0.8272847843196577,-8.326672684688674e-17,0.26249999999999996,0.170625,0.9780555975442187,0.8091305140670029,-0.09372399625099548,-0.01405859943764931,-0.08058661903955994,0.06666808375119275,-0.04152018727851012,-0.004152018727851002,-0.023800176749498015,0.019689524088978196,0.2203889099418121,0.022038890994181198,0.1263311982448398,0.10451187809282621
district_of_columbia_dc__county,2022-12-31,-0.0058243922160316,0.167587385948883,0.167587385948883,positive,affordability,0.17759041893414262,2.5602126788300663,0.17258890244151281,0.0050015164926298095,0.010003032985259619,0.05632642259247741,0.9436735774075226,0.0,0.10777665960057609,0.0700548287403745,0.4180196996553333,0.3944741454005665,-0.033343443284199026,-0.0050015164926298095,-0.029844230007593512,0.028163211296238704,0.8389627930682977,0.08389627930682961,0.5006121363598296,0.4724144456123029,0.18637794394308688,0.018637794394308696,0.11121239399243055,0.10494819769089181
district_of_columbia_dc__county,2017-09-30,0.1797089998880384,0.1657025550080251,0.1657025550080251,positive,demand,0.2008057448803935,1.3241486580031747,0.1832541499442093,0.017551594936184203,0.03510318987236838,0.17481168127573737,0.8251883187242626,0.0,0.26680555555555563,0.1734236111111111,1.0465958783961542,0.8636386932774653,-0.11701063290789482,-0.017551594936184203,-0.10592229513500359,0.08740584063786876,0.08065818233892091,0.008065818233892099,0.048676486813987056,0.04016726831543772,0.017647205992061297,0.0017647205992061,0.010649929924862252,0.008788197769228295
district_of_columbia_dc__county,2016-12-31,-0.0753675598121497,-0.1640990428701496,0.1640990428701496,negative,demand,0.22960472246278582,3.0291465820171686,0.1968518826664678,0.032752839796318,0.06550567959263623,0.2852976144828787,0.7147023855171213,1.942890293094024e-16,-0.15833132773162759,-0.1029153630255579,0.6271539505991762,0.44822842457971807,0.2183522653087869,0.032752839796318,-0.19959190025401363,0.14264880724143886,-0.7273000318419574,-0.0727300031841957,0.44320796704308896,0.31676179132588933,-0.21206516456714142,-0.021206516456714203,0.12922998261174973,0.09236097685295362
district_of_columbia_dc__county,2024-06-30,0.0695924583796215,0.1583228991707728,0.1583228991707728,positive,demand,0.1758228991707727,2.262993737535391,0.16707289917077273,0.00875,0.017499999999999905,0.09953197269829205,0.9004680273017079,1.1102230246251565e-16,0.1609722222222221,0.1046319444444443,0.6608768851029219,0.5950985050179256,0.33166666666666667,0.04975,0.3142312341459706,0.28295517952800325,-0.08749999999999991,-0.00875,-0.055266799975421964,0.0497659863491463,0.12690954726328396,0.012690954726328404,0.0801586807265289,0.07218032910492492
district_of_columbia_dc__county,2016-08-31,0.1102461201363984,-0.1563662981576472,0.1563662981576472,negative,demand,0.22489126912164248,2.27738183040819,0.19062878363964478,0.0342624854819977,0.06852497096399529,0.3047026735703577,0.6952973264296423,-1.1102230246251565e-16,-0.2163116688116688,-0.1406025847275847,0.899187269790261,0.6252025046447379,0.2284165698799845,0.0342624854819977,-0.2191168166394433,0.1523513367851791,-0.22397820916984687,-0.022397820916984702,0.14323943957797997,0.09959399937784975,-0.2762837799507538,-0.0276283779950754,0.17669010727120177,0.12285215919223329
