candidate_id,geo_id,period,first_date,last_date,aligned_observation_count,mortgage_observation_count,structural_median_sale_price_change,structural_median_sale_price_pct_change,mortgage_rate_change,payment_burden_change,price_to_income_change,payment_burden_changes_while_structural_price_slow,payment_burden_price_to_income_distinct_aligned,affordability_materiality_review_flag,payment_burden_price_to_income_not_distinct_flag,shock_suppression_trigger
price_family_ma9_structural_linked,20001_district_of_columbia_dc__zip,mortgage_rate_affordability_shock,,,0,0,,,,,,,False,False,False,False
price_family_ma9_structural_linked,20002_district_of_columbia_dc__zip,mortgage_rate_affordability_shock,,,0,0,,,,,,,False,False,False,False
price_family_ma9_structural_linked,20003_district_of_columbia_dc__zip,mortgage_rate_affordability_shock,,,0,0,,,,,,,False,False,False,False
price_family_ma9_structural_linked,20004_district_of_columbia_dc__zip,mortgage_rate_affordability_shock,,,0,0,,,,,,,False,False,False,False
price_family_ma9_structural_linked,20005_district_of_columbia_dc__zip,mortgage_rate_affordability_shock,,,0,0,,,,,,,False,False,False,False
price_family_ma9_structural_linked,20006_district_of_columbia_dc__zip,mortgage_rate_affordability_shock,,,0,0,,,,,,,False,False,False,False
price_family_ma9_structural_linked,20007_district_of_columbia_dc__zip,mortgage_rate_affordability_shock,,,0,0,,,,,,,False,False,False,False
price_family_ma9_structural_linked,20008_district_of_columbia_dc__zip,mortgage_rate_affordability_shock,,,0,0,,,,,,,False,False,False,False
price_family_ma9_structural_linked,20009_district_of_columbia_dc__zip,mortgage_rate_affordability_shock,,,0,0,,,,,,,False,False,False,False
price_family_ma9_structural_linked,20010_district_of_columbia_dc__zip,mortgage_rate_affordability_shock,,,0,0,,,,,,,False,False,False,False
price_family_ma9_structural_linked,20011_district_of_columbia_dc__zip,mortgage_rate_affordability_shock,,,0,0,,,,,,,False,False,False,False
price_family_ma9_structural_linked,20012_district_of_columbia_dc__zip,mortgage_rate_affordability_shock,,,0,0,,,,,,,False,False,False,False
price_family_ma9_structural_linked,20015_district_of_columbia_dc__zip,mortgage_rate_affordability_shock,,,0,0,,,,,,,False,False,False,False
price_family_ma9_structural_linked,20016_district_of_columbia_dc__zip,mortgage_rate_affordability_shock,,,0,0,,,,,,,False,False,False,False
price_family_ma9_structural_linked,20017_district_of_columbia_dc__zip,mortgage_rate_affordability_shock,,,0,0,,,,,,,False,False,False,False
price_family_ma9_structural_linked,20018_district_of_columbia_dc__zip,mortgage_rate_affordability_shock,,,0,0,,,,,,,False,False,False,False
price_family_ma9_structural_linked,20019_district_of_columbia_dc__zip,mortgage_rate_affordability_shock,,,0,0,,,,,,,False,False,False,False
price_family_ma9_structural_linked,20020_district_of_columbia_dc__zip,mortgage_rate_affordability_shock,,,0,0,,,,,,,False,False,False,False
price_family_ma9_structural_linked,20024_district_of_columbia_dc__zip,mortgage_rate_affordability_shock,,,0,0,,,,,,,False,False,False,False
price_family_ma9_structural_linked,20027_district_of_columbia_dc__zip,mortgage_rate_affordability_shock,,,0,0,,,,,,,False,False,False,False
price_family_ma9_structural_linked,20030_district_of_columbia_dc__zip,mortgage_rate_affordability_shock,,,0,0,,,,,,,False,False,False,False
price_family_ma9_structural_linked,20032_district_of_columbia_dc__zip,mortgage_rate_affordability_shock,,,0,0,,,,,,,False,False,False,False
price_family_ma9_structural_linked,20036_district_of_columbia_dc__zip,mortgage_rate_affordability_shock,,,0,0,,,,,,,False,False,False,False
price_family_ma9_structural_linked,20037_district_of_columbia_dc__zip,mortgage_rate_affordability_shock,,,0,0,,,,,,,False,False,False,False
price_family_ma9_structural_linked,20060_district_of_columbia_dc__zip,mortgage_rate_affordability_shock,,,0,0,,,,,,,False,False,False,False
price_family_ma9_structural_linked,20306_district_of_columbia_dc__zip,mortgage_rate_affordability_shock,,,0,0,,,,,,,False,False,False,False
price_family_ma9_structural_linked,20391_district_of_columbia_dc__zip,mortgage_rate_affordability_shock,,,0,0,,,,,,,False,False,False,False
price_family_ma9_structural_linked,20398_district_of_columbia_dc__zip,mortgage_rate_affordability_shock,,,0,0,,,,,,,False,False,False,False
price_family_ma9_structural_linked,20593_district_of_columbia_dc__zip,mortgage_rate_affordability_shock,,,0,0,,,,,,,False,False,False,False
price_family_ma9_structural_linked,20601_prince_george_s_county_md__zip,mortgage_rate_affordability_shock,,,0,0,,,,,,,False,False,False,False
price_family_ma9_structural_linked,20607_prince_george_s_county_md__zip,mortgage_rate_affordability_shock,,,0,0,,,,,,,False,False,False,False
price_family_ma9_structural_linked,20608_prince_george_s_county_md__zip,mortgage_rate_affordability_shock,,,0,0,,,,,,,False,False,False,False
price_family_ma9_structural_linked,20613_prince_george_s_county_md__zip,mortgage_rate_affordability_shock,,,0,0,,,,,,,False,False,False,False
price_family_ma9_structural_linked,20616_prince_george_s_county_md__zip,mortgage_rate_affordability_shock,,,0,0,,,,,,,False,False,False,False
price_family_ma9_structural_linked,20623_prince_george_s_county_md__zip,mortgage_rate_affordability_shock,,,0,0,,,,,,,False,False,False,False
price_family_ma9_structural_linked,20703_prince_george_s_county_md__zip,mortgage_rate_affordability_shock,,,0,0,,,,,,,False,False,False,False
price_family_ma9_structural_linked,20705_prince_george_s_county_md__zip,mortgage_rate_affordability_shock,,,0,0,,,,,,,False,False,False,False
price_family_ma9_structural_linked,20706_prince_george_s_county_md__zip,mortgage_rate_affordability_shock,,,0,0,,,,,,,False,False,False,False
price_family_ma9_structural_linked,20707_prince_george_s_county_md__zip,mortgage_rate_affordability_shock,,,0,0,,,,,,,False,False,False,False
price_family_ma9_structural_linked,20708_prince_george_s_county_md__zip,mortgage_rate_affordability_shock,,,0,0,,,,,,,False,False,False,False
price_family_ma9_structural_linked,20710_prince_george_s_county_md__zip,mortgage_rate_affordability_shock,,,0,0,,,,,,,False,False,False,False
price_family_ma9_structural_linked,20712_prince_george_s_county_md__zip,mortgage_rate_affordability_shock,,,0,0,,,,,,,False,False,False,False
price_family_ma9_structural_linked,20715_prince_george_s_county_md__zip,mortgage_rate_affordability_shock,,,0,0,,,,,,,False,False,False,False
price_family_ma9_structural_linked,20716_prince_george_s_county_md__zip,mortgage_rate_affordability_shock,,,0,0,,,,,,,False,False,False,False
price_family_ma9_structural_linked,20717_prince_george_s_county_md__zip,mortgage_rate_affordability_shock,,,0,0,,,,,,,False,False,False,False
price_family_ma9_structural_linked,20720_prince_george_s_county_md__zip,mortgage_rate_affordability_shock,,,0,0,,,,,,,False,False,False,False
price_family_ma9_structural_linked,20721_prince_george_s_county_md__zip,mortgage_rate_affordability_shock,,,0,0,,,,,,,False,False,False,False
price_family_ma9_structural_linked,20722_prince_george_s_county_md__zip,mortgage_rate_affordability_shock,,,0,0,,,,,,,False,False,False,False
price_family_ma9_structural_linked,20731_prince_george_s_county_md__zip,mortgage_rate_affordability_shock,,,0,0,,,,,,,False,False,False,False
price_family_ma9_structural_linked,20735_prince_george_s_county_md__zip,mortgage_rate_affordability_shock,,,0,0,,,,,,,False,False,False,False
price_family_ma9_structural_linked,20737_prince_george_s_county_md__zip,mortgage_rate_affordability_shock,,,0,0,,,,,,,False,False,False,False
price_family_ma9_structural_linked,20740_prince_george_s_county_md__zip,mortgage_rate_affordability_shock,,,0,0,,,,,,,False,False,False,False
price_family_ma9_structural_linked,20741_prince_george_s_county_md__zip,mortgage_rate_affordability_shock,,,0,0,,,,,,,False,False,False,False
price_family_ma9_structural_linked,20743_prince_george_s_county_md__zip,mortgage_rate_affordability_shock,,,0,0,,,,,,,False,False,False,False
price_family_ma9_structural_linked,20744_prince_george_s_county_md__zip,mortgage_rate_affordability_shock,,,0,0,,,,,,,False,False,False,False
price_family_ma9_structural_linked,20745_prince_george_s_county_md__zip,mortgage_rate_affordability_shock,,,0,0,,,,,,,False,False,False,False
price_family_ma9_structural_linked,20746_prince_george_s_county_md__zip,mortgage_rate_affordability_shock,,,0,0,,,,,,,False,False,False,False
price_family_ma9_structural_linked,20747_prince_george_s_county_md__zip,mortgage_rate_affordability_shock,,,0,0,,,,,,,False,False,False,False
price_family_ma9_structural_linked,20748_prince_george_s_county_md__zip,mortgage_rate_affordability_shock,,,0,0,,,,,,,False,False,False,False
price_family_ma9_structural_linked,20757_prince_george_s_county_md__zip,mortgage_rate_affordability_shock,,,0,0,,,,,,,False,False,False,False
price_family_ma9_structural_linked,20768_prince_george_s_county_md__zip,mortgage_rate_affordability_shock,,,0,0,,,,,,,False,False,False,False
price_family_ma9_structural_linked,20769_prince_george_s_county_md__zip,mortgage_rate_affordability_shock,,,0,0,,,,,,,False,False,False,False
price_family_ma9_structural_linked,20770_prince_george_s_county_md__zip,mortgage_rate_affordability_shock,,,0,0,,,,,,,False,False,False,False
price_family_ma9_structural_linked,20772_prince_george_s_county_md__zip,mortgage_rate_affordability_shock,,,0,0,,,,,,,False,False,False,False
price_family_ma9_structural_linked,20774_prince_george_s_county_md__zip,mortgage_rate_affordability_shock,,,0,0,,,,,,,False,False,False,False
price_family_ma9_structural_linked,20781_prince_george_s_county_md__zip,mortgage_rate_affordability_shock,,,0,0,,,,,,,False,False,False,False
price_family_ma9_structural_linked,20782_prince_george_s_county_md__zip,mortgage_rate_affordability_shock,,,0,0,,,,,,,False,False,False,False
price_family_ma9_structural_linked,20783_prince_george_s_county_md__zip,mortgage_rate_affordability_shock,,,0,0,,,,,,,False,False,False,False
price_family_ma9_structural_linked,20784_prince_george_s_county_md__zip,mortgage_rate_affordability_shock,,,0,0,,,,,,,False,False,False,False
price_family_ma9_structural_linked,20785_prince_george_s_county_md__zip,mortgage_rate_affordability_shock,,,0,0,,,,,,,False,False,False,False
price_family_ma9_structural_linked,20812_montgomery_county_md__zip,mortgage_rate_affordability_shock,,,0,0,,,,,,,False,False,False,False
price_family_ma9_structural_linked,20814_montgomery_county_md__zip,mortgage_rate_affordability_shock,,,0,0,,,,,,,False,False,False,False
price_family_ma9_structural_linked,20815_montgomery_county_md__zip,mortgage_rate_affordability_shock,,,0,0,,,,,,,False,False,False,False
price_family_ma9_structural_linked,20816_montgomery_county_md__zip,mortgage_rate_affordability_shock,,,0,0,,,,,,,False,False,False,False
price_family_ma9_structural_linked,20817_montgomery_county_md__zip,mortgage_rate_affordability_shock,,,0,0,,,,,,,False,False,False,False
price_family_ma9_structural_linked,20818_montgomery_county_md__zip,mortgage_rate_affordability_shock,,,0,0,,,,,,,False,False,False,False
price_family_ma9_structural_linked,20824_montgomery_county_md__zip,mortgage_rate_affordability_shock,,,0,0,,,,,,,False,False,False,False
price_family_ma9_structural_linked,20830_montgomery_county_md__zip,mortgage_rate_affordability_shock,,,0,0,,,,,,,False,False,False,False
price_family_ma9_structural_linked,20832_montgomery_county_md__zip,mortgage_rate_affordability_shock,,,0,0,,,,,,,False,False,False,False
price_family_ma9_structural_linked,20833_montgomery_county_md__zip,mortgage_rate_affordability_shock,,,0,0,,,,,,,False,False,False,False
price_family_ma9_structural_linked,20837_montgomery_county_md__zip,mortgage_rate_affordability_shock,,,0,0,,,,,,,False,False,False,False
price_family_ma9_structural_linked,20838_montgomery_county_md__zip,mortgage_rate_affordability_shock,,,0,0,,,,,,,False,False,False,False
price_family_ma9_structural_linked,20839_montgomery_county_md__zip,mortgage_rate_affordability_shock,,,0,0,,,,,,,False,False,False,False
price_family_ma9_structural_linked,20841_montgomery_county_md__zip,mortgage_rate_affordability_shock,,,0,0,,,,,,,False,False,False,False
price_family_ma9_structural_linked,20842_montgomery_county_md__zip,mortgage_rate_affordability_shock,,,0,0,,,,,,,False,False,False,False
price_family_ma9_structural_linked,20848_montgomery_county_md__zip,mortgage_rate_affordability_shock,,,0,0,,,,,,,False,False,False,False
price_family_ma9_structural_linked,20849_montgomery_county_md__zip,mortgage_rate_affordability_shock,,,0,0,,,,,,,False,False,False,False
price_family_ma9_structural_linked,20850_montgomery_county_md__zip,mortgage_rate_affordability_shock,,,0,0,,,,,,,False,False,False,False
price_family_ma9_structural_linked,20851_montgomery_county_md__zip,mortgage_rate_affordability_shock,,,0,0,,,,,,,False,False,False,False
price_family_ma9_structural_linked,20852_montgomery_county_md__zip,mortgage_rate_affordability_shock,,,0,0,,,,,,,False,False,False,False
price_family_ma9_structural_linked,20853_montgomery_county_md__zip,mortgage_rate_affordability_shock,,,0,0,,,,,,,False,False,False,False
price_family_ma9_structural_linked,20854_montgomery_county_md__zip,mortgage_rate_affordability_shock,,,0,0,,,,,,,False,False,False,False
price_family_ma9_structural_linked,20855_montgomery_county_md__zip,mortgage_rate_affordability_shock,,,0,0,,,,,,,False,False,False,False
price_family_ma9_structural_linked,20860_montgomery_county_md__zip,mortgage_rate_affordability_shock,,,0,0,,,,,,,False,False,False,False
price_family_ma9_structural_linked,20861_montgomery_county_md__zip,mortgage_rate_affordability_shock,,,0,0,,,,,,,False,False,False,False
price_family_ma9_structural_linked,20862_montgomery_county_md__zip,mortgage_rate_affordability_shock,,,0,0,,,,,,,False,False,False,False
price_family_ma9_structural_linked,20866_montgomery_county_md__zip,mortgage_rate_affordability_shock,,,0,0,,,,,,,False,False,False,False
price_family_ma9_structural_linked,20868_montgomery_county_md__zip,mortgage_rate_affordability_shock,,,0,0,,,,,,,False,False,False,False
price_family_ma9_structural_linked,20871_montgomery_county_md__zip,mortgage_rate_affordability_shock,,,0,0,,,,,,,False,False,False,False
price_family_ma9_structural_linked,20872_montgomery_county_md__zip,mortgage_rate_affordability_shock,,,0,0,,,,,,,False,False,False,False
price_family_ma9_structural_linked,20874_montgomery_county_md__zip,mortgage_rate_affordability_shock,,,0,0,,,,,,,False,False,False,False
price_family_ma9_structural_linked,20876_montgomery_county_md__zip,mortgage_rate_affordability_shock,,,0,0,,,,,,,False,False,False,False
price_family_ma9_structural_linked,20877_montgomery_county_md__zip,mortgage_rate_affordability_shock,,,0,0,,,,,,,False,False,False,False
price_family_ma9_structural_linked,20878_montgomery_county_md__zip,mortgage_rate_affordability_shock,,,0,0,,,,,,,False,False,False,False
price_family_ma9_structural_linked,20879_montgomery_county_md__zip,mortgage_rate_affordability_shock,,,0,0,,,,,,,False,False,False,False
price_family_ma9_structural_linked,20880_montgomery_county_md__zip,mortgage_rate_affordability_shock,,,0,0,,,,,,,False,False,False,False
price_family_ma9_structural_linked,20882_montgomery_county_md__zip,mortgage_rate_affordability_shock,,,0,0,,,,,,,False,False,False,False
price_family_ma9_structural_linked,20884_montgomery_county_md__zip,mortgage_rate_affordability_shock,,,0,0,,,,,,,False,False,False,False
price_family_ma9_structural_linked,20886_montgomery_county_md__zip,mortgage_rate_affordability_shock,,,0,0,,,,,,,False,False,False,False
price_family_ma9_structural_linked,20889_montgomery_county_md__zip,mortgage_rate_affordability_shock,,,0,0,,,,,,,False,False,False,False
price_family_ma9_structural_linked,20894_montgomery_county_md__zip,mortgage_rate_affordability_shock,,,0,0,,,,,,,False,False,False,False
price_family_ma9_structural_linked,20895_montgomery_county_md__zip,mortgage_rate_affordability_shock,,,0,0,,,,,,,False,False,False,False
price_family_ma9_structural_linked,20896_montgomery_county_md__zip,mortgage_rate_affordability_shock,,,0,0,,,,,,,False,False,False,False
price_family_ma9_structural_linked,20901_montgomery_county_md__zip,mortgage_rate_affordability_shock,,,0,0,,,,,,,False,False,False,False
price_family_ma9_structural_linked,20902_montgomery_county_md__zip,mortgage_rate_affordability_shock,,,0,0,,,,,,,False,False,False,False
price_family_ma9_structural_linked,20903_montgomery_county_md__zip,mortgage_rate_affordability_shock,,,0,0,,,,,,,False,False,False,False
price_family_ma9_structural_linked,20904_montgomery_county_md__zip,mortgage_rate_affordability_shock,,,0,0,,,,,,,False,False,False,False
price_family_ma9_structural_linked,20905_montgomery_county_md__zip,mortgage_rate_affordability_shock,,,0,0,,,,,,,False,False,False,False
price_family_ma9_structural_linked,20906_montgomery_county_md__zip,mortgage_rate_affordability_shock,,,0,0,,,,,,,False,False,False,False
price_family_ma9_structural_linked,20910_montgomery_county_md__zip,mortgage_rate_affordability_shock,,,0,0,,,,,,,False,False,False,False
price_family_ma9_structural_linked,20912_montgomery_county_md__zip,mortgage_rate_affordability_shock,,,0,0,,,,,,,False,False,False,False
price_family_ma9_structural_linked,20913_montgomery_county_md__zip,mortgage_rate_affordability_shock,,,0,0,,,,,,,False,False,False,False
price_family_ma9_structural_linked,20914_montgomery_county_md__zip,mortgage_rate_affordability_shock,,,0,0,,,,,,,False,False,False,False
price_family_ma9_structural_linked,20918_montgomery_county_md__zip,mortgage_rate_affordability_shock,,,0,0,,,,,,,False,False,False,False
price_family_ma9_structural_linked,20993_montgomery_county_md__zip,mortgage_rate_affordability_shock,,,0,0,,,,,,,False,False,False,False
price_family_ma9_structural_linked,21771_montgomery_county_md__zip,mortgage_rate_affordability_shock,,,0,0,,,,,,,False,False,False,False
price_family_ma9_structural_linked,alameda_county_ca__county,mortgage_rate_affordability_shock,2022-01-31,2024-12-31,36,36,65492.0,0.0614852135815991,3.2699999999999996,0.552985857044602,0.5810004681566763,False,True,False,False,False
price_family_ma9_structural_linked,albemarle_county_va__county,mortgage_rate_affordability_shock,,,0,36,,,3.2699999999999996,,,,False,False,False,False
price_family_ma9_structural_linked,alexandria_va__county,mortgage_rate_affordability_shock,,,0,36,,,3.2699999999999996,,,,False,False,False,False
price_family_ma9_structural_linked,allegany_county_md__county,mortgage_rate_affordability_shock,,,0,36,,,3.2699999999999996,,,,False,False,False,False
price_family_ma9_structural_linked,amelia_county_va__county,mortgage_rate_affordability_shock,,,0,36,,,3.2699999999999996,,,,False,False,False,False
price_family_ma9_structural_linked,amherst_county_va__county,mortgage_rate_affordability_shock,,,0,36,,,3.2699999999999996,,,,False,False,False,False
price_family_ma9_structural_linked,anaheim_ca_metro_area__cbsa_metro,mortgage_rate_affordability_shock,,,0,0,,,,,,,False,False,False,False
price_family_ma9_structural_linked,anne_arundel_county_md__county,mortgage_rate_affordability_shock,,,0,36,,,3.2699999999999996,,,,False,False,False,False
price_family_ma9_structural_linked,appomattox_county_va__county,mortgage_rate_affordability_shock,,,0,36,,,3.2699999999999996,,,,False,False,False,False
price_family_ma9_structural_linked,arlington_county_va__county,mortgage_rate_affordability_shock,,,0,36,,,3.2699999999999996,,,,False,False,False,False
price_family_ma9_structural_linked,atlantic_city_nj_metro_area__cbsa_metro,mortgage_rate_affordability_shock,,,0,36,,,3.2699999999999996,,,,False,False,False,False
price_family_ma9_structural_linked,atlantic_county_nj__county,mortgage_rate_affordability_shock,,,0,36,,,3.2699999999999996,,,,False,False,False,False
price_family_ma9_structural_linked,augusta_county_va__county,mortgage_rate_affordability_shock,,,0,36,,,3.2699999999999996,,,,False,False,False,False
price_family_ma9_structural_linked,bakersfield_ca_metro_area__cbsa_metro,mortgage_rate_affordability_shock,,,0,36,,,3.2699999999999996,,,,False,False,False,False
price_family_ma9_structural_linked,baltimore_city_county_md__county,mortgage_rate_affordability_shock,,,0,36,,,3.2699999999999996,,,,False,False,False,False
price_family_ma9_structural_linked,baltimore_county_md__county,mortgage_rate_affordability_shock,,,0,36,,,3.2699999999999996,,,,False,False,False,False
price_family_ma9_structural_linked,baltimore_md_metro_area__cbsa_metro,mortgage_rate_affordability_shock,,,0,36,,,3.2699999999999996,,,,False,False,False,False
price_family_ma9_structural_linked,bedford_county_va__county,mortgage_rate_affordability_shock,,,0,36,,,3.2699999999999996,,,,False,False,False,False
price_family_ma9_structural_linked,big_stone_gap_va_metro_area__cbsa_metro,mortgage_rate_affordability_shock,,,0,36,,,3.2699999999999996,,,,False,False,False,False
price_family_ma9_structural_linked,blacksburg_va_metro_area__cbsa_metro,mortgage_rate_affordability_shock,,,0,36,,,3.2699999999999996,,,,False,False,False,False
price_family_ma9_structural_linked,botetourt_county_va__county,mortgage_rate_affordability_shock,,,0,36,,,3.2699999999999996,,,,False,False,False,False
price_family_ma9_structural_linked,burlington_county_nj__county,mortgage_rate_affordability_shock,,,0,36,,,3.2699999999999996,,,,False,False,False,False
price_family_ma9_structural_linked,butte_county_ca__county,mortgage_rate_affordability_shock,,,0,36,,,3.2699999999999996,,,,False,False,False,False
price_family_ma9_structural_linked,california__state,mortgage_rate_affordability_shock,,,0,36,,,3.2699999999999996,,,,False,False,False,False
price_family_ma9_structural_linked,california_md_metro_area__cbsa_metro,mortgage_rate_affordability_shock,,,0,36,,,3.2699999999999996,,,,False,False,False,False
price_family_ma9_structural_linked,calvert_county_md__county,mortgage_rate_affordability_shock,,,0,36,,,3.2699999999999996,,,,False,False,False,False
price_family_ma9_structural_linked,cambridge_md_metro_area__cbsa_metro,mortgage_rate_affordability_shock,,,0,36,,,3.2699999999999996,,,,False,False,False,False
price_family_ma9_structural_linked,camden_county_nj__county,mortgage_rate_affordability_shock,,,0,36,,,3.2699999999999996,,,,False,False,False,False
price_family_ma9_structural_linked,camden_nj_metro_area__cbsa_metro,mortgage_rate_affordability_shock,,,0,0,,,,,,,False,False,False,False
price_family_ma9_structural_linked,campbell_county_va__county,mortgage_rate_affordability_shock,,,0,36,,,3.2699999999999996,,,,False,False,False,False
price_family_ma9_structural_linked,cape_may_county_nj__county,mortgage_rate_affordability_shock,,,0,36,,,3.2699999999999996,,,,False,False,False,False
price_family_ma9_structural_linked,carroll_county_md__county,mortgage_rate_affordability_shock,,,0,36,,,3.2699999999999996,,,,False,False,False,False
price_family_ma9_structural_linked,charles_city_county_va__county,mortgage_rate_affordability_shock,,,0,35,,,3.2699999999999996,,,,False,False,False,False
price_family_ma9_structural_linked,charles_county_md__county,mortgage_rate_affordability_shock,,,0,36,,,3.2699999999999996,,,,False,False,False,False
price_family_ma9_structural_linked,charlottesville_va__county,mortgage_rate_affordability_shock,,,0,36,,,3.2699999999999996,,,,False,False,False,False
price_family_ma9_structural_linked,charlottesville_va_metro_area__cbsa_metro,mortgage_rate_affordability_shock,,,0,36,,,3.2699999999999996,,,,False,False,False,False
price_family_ma9_structural_linked,chesapeake_va__county,mortgage_rate_affordability_shock,,,0,36,,,3.2699999999999996,,,,False,False,False,False
price_family_ma9_structural_linked,chesterfield_county_va__county,mortgage_rate_affordability_shock,,,0,36,,,3.2699999999999996,,,,False,False,False,False
price_family_ma9_structural_linked,chico_ca_metro_area__cbsa_metro,mortgage_rate_affordability_shock,,,0,36,,,3.2699999999999996,,,,False,False,False,False
price_family_ma9_structural_linked,clarke_county_va__county,mortgage_rate_affordability_shock,,,0,36,,,3.2699999999999996,,,,False,False,False,False
price_family_ma9_structural_linked,clearlake_ca_metro_area__cbsa_metro,mortgage_rate_affordability_shock,,,0,36,,,3.2699999999999996,,,,False,False,False,False
price_family_ma9_structural_linked,colonial_heights_va__county,mortgage_rate_affordability_shock,,,0,36,,,3.2699999999999996,,,,False,False,False,False
price_family_ma9_structural_linked,contra_costa_county_ca__county,mortgage_rate_affordability_shock,,,0,36,,,3.2699999999999996,,,,False,False,False,False
price_family_ma9_structural_linked,craig_county_va__county,mortgage_rate_affordability_shock,,,0,32,,,3.2699999999999996,,,,False,False,False,False
price_family_ma9_structural_linked,crescent_city_ca_metro_area__cbsa_metro,mortgage_rate_affordability_shock,,,0,36,,,3.2699999999999996,,,,False,False,False,False
price_family_ma9_structural_linked,culpeper_county_va__county,mortgage_rate_affordability_shock,,,0,36,,,3.2699999999999996,,,,False,False,False,False
price_family_ma9_structural_linked,cumberland_county_nj__county,mortgage_rate_affordability_shock,,,0,36,,,3.2699999999999996,,,,False,False,False,False
price_family_ma9_structural_linked,cumberland_md_metro_area__cbsa_metro,mortgage_rate_affordability_shock,,,0,36,,,3.2699999999999996,,,,False,False,False,False
price_family_ma9_structural_linked,danville_va__county,mortgage_rate_affordability_shock,,,0,36,,,3.2699999999999996,,,,False,False,False,False
price_family_ma9_structural_linked,danville_va_metro_area__cbsa_metro,mortgage_rate_affordability_shock,,,0,36,,,3.2699999999999996,,,,False,False,False,False
price_family_ma9_structural_linked,del_norte_county_ca__county,mortgage_rate_affordability_shock,,,0,36,,,3.2699999999999996,,,,False,False,False,False
price_family_ma9_structural_linked,dinwiddie_county_va__county,mortgage_rate_affordability_shock,,,0,36,,,3.2699999999999996,,,,False,False,False,False
price_family_ma9_structural_linked,district_of_columbia__state,mortgage_rate_affordability_shock,,,0,36,,,3.2699999999999996,,,,False,False,False,False
price_family_ma9_structural_linked,district_of_columbia_dc__county,mortgage_rate_affordability_shock,2022-01-31,2024-12-31,36,36,-11000.0,-0.0162337662337662,3.2699999999999996,-0.0147088181066818,0.9983628965604934,False,True,True,False,True
price_family_ma9_structural_linked,dorchester_county_md__county,mortgage_rate_affordability_shock,,,0,36,,,3.2699999999999996,,,,False,False,False,False
price_family_ma9_structural_linked,easton_md_metro_area__cbsa_metro,mortgage_rate_affordability_shock,,,0,36,,,3.2699999999999996,,,,False,False,False,False
price_family_ma9_structural_linked,el_centro_ca_metro_area__cbsa_metro,mortgage_rate_affordability_shock,,,0,36,,,3.2699999999999996,,,,False,False,False,False
price_family_ma9_structural_linked,el_dorado_county_ca__county,mortgage_rate_affordability_shock,,,0,36,,,3.2699999999999996,,,,False,False,False,False
price_family_ma9_structural_linked,essex_county_nj__county,mortgage_rate_affordability_shock,,,0,36,,,3.2699999999999996,,,,False,False,False,False
price_family_ma9_structural_linked,eureka_ca_metro_area__cbsa_metro,mortgage_rate_affordability_shock,,,0,36,,,3.2699999999999996,,,,False,False,False,False
price_family_ma9_structural_linked,fairfax_city_county_va__county,mortgage_rate_affordability_shock,,,0,36,,,3.2699999999999996,,,,False,False,False,False
price_family_ma9_structural_linked,fairfax_county_va__county,mortgage_rate_affordability_shock,,,0,36,,,3.2699999999999996,,,,False,False,False,False
price_family_ma9_structural_linked,falls_church_va__county,mortgage_rate_affordability_shock,,,0,36,,,3.2699999999999996,,,,False,False,False,False
price_family_ma9_structural_linked,fauquier_county_va__county,mortgage_rate_affordability_shock,,,0,36,,,3.2699999999999996,,,,False,False,False,False
price_family_ma9_structural_linked,fluvanna_county_va__county,mortgage_rate_affordability_shock,,,0,36,,,3.2699999999999996,,,,False,False,False,False
price_family_ma9_structural_linked,franklin_city_county_va__county,mortgage_rate_affordability_shock,,,0,36,,,3.2699999999999996,,,,False,False,False,False
price_family_ma9_structural_linked,franklin_county_va__county,mortgage_rate_affordability_shock,,,0,36,,,3.2699999999999996,,,,False,False,False,False
price_family_ma9_structural_linked,frederick_county_md__county,mortgage_rate_affordability_shock,,,0,36,,,3.2699999999999996,,,,False,False,False,False
price_family_ma9_structural_linked,frederick_county_va__county,mortgage_rate_affordability_shock,,,0,36,,,3.2699999999999996,,,,False,False,False,False
price_family_ma9_structural_linked,frederick_md_metro_area__cbsa_metro,mortgage_rate_affordability_shock,,,0,0,,,,,,,False,False,False,False
price_family_ma9_structural_linked,fredericksburg_va__county,mortgage_rate_affordability_shock,,,0,36,,,3.2699999999999996,,,,False,False,False,False
price_family_ma9_structural_linked,fresno_ca_metro_area__cbsa_metro,mortgage_rate_affordability_shock,,,0,36,,,3.2699999999999996,,,,False,False,False,False
price_family_ma9_structural_linked,fresno_county_ca__county,mortgage_rate_affordability_shock,,,0,36,,,3.2699999999999996,,,,False,False,False,False
price_family_ma9_structural_linked,giles_county_va__county,mortgage_rate_affordability_shock,,,0,36,,,3.2699999999999996,,,,False,False,False,False
price_family_ma9_structural_linked,gloucester_county_nj__county,mortgage_rate_affordability_shock,,,0,36,,,3.2699999999999996,,,,False,False,False,False
price_family_ma9_structural_linked,gloucester_county_va__county,mortgage_rate_affordability_shock,,,0,36,,,3.2699999999999996,,,,False,False,False,False
price_family_ma9_structural_linked,goochland_county_va__county,mortgage_rate_affordability_shock,,,0,36,,,3.2699999999999996,,,,False,False,False,False
price_family_ma9_structural_linked,greene_county_va__county,mortgage_rate_affordability_shock,,,0,36,,,3.2699999999999996,,,,False,False,False,False
price_family_ma9_structural_linked,hagerstown_md_metro_area__cbsa_metro,mortgage_rate_affordability_shock,,,0,36,,,3.2699999999999996,,,,False,False,False,False
price_family_ma9_structural_linked,hampton_va__county,mortgage_rate_affordability_shock,,,0,36,,,3.2699999999999996,,,,False,False,False,False
price_family_ma9_structural_linked,hanford_ca_metro_area__cbsa_metro,mortgage_rate_affordability_shock,,,0,36,,,3.2699999999999996,,,,False,False,False,False
price_family_ma9_structural_linked,hanover_county_va__county,mortgage_rate_affordability_shock,,,0,36,,,3.2699999999999996,,,,False,False,False,False
price_family_ma9_structural_linked,harford_county_md__county,mortgage_rate_affordability_shock,,,0,36,,,3.2699999999999996,,,,False,False,False,False
price_family_ma9_structural_linked,harrisonburg_va__county,mortgage_rate_affordability_shock,,,0,36,,,3.2699999999999996,,,,False,False,False,False
price_family_ma9_structural_linked,harrisonburg_va_metro_area__cbsa_metro,mortgage_rate_affordability_shock,,,0,36,,,3.2699999999999996,,,,False,False,False,False
price_family_ma9_structural_linked,henrico_county_va__county,mortgage_rate_affordability_shock,,,0,36,,,3.2699999999999996,,,,False,False,False,False
price_family_ma9_structural_linked,henry_county_va__county,mortgage_rate_affordability_shock,,,0,36,,,3.2699999999999996,,,,False,False,False,False
price_family_ma9_structural_linked,hopewell_va__county,mortgage_rate_affordability_shock,,,0,36,,,3.2699999999999996,,,,False,False,False,False
price_family_ma9_structural_linked,howard_county_md__county,mortgage_rate_affordability_shock,,,0,36,,,3.2699999999999996,,,,False,False,False,False
price_family_ma9_structural_linked,humboldt_county_ca__county,mortgage_rate_affordability_shock,,,0,36,,,3.2699999999999996,,,,False,False,False,False
price_family_ma9_structural_linked,hunterdon_county_nj__county,mortgage_rate_affordability_shock,,,0,36,,,3.2699999999999996,,,,False,False,False,False
price_family_ma9_structural_linked,imperial_county_ca__county,mortgage_rate_affordability_shock,,,0,36,,,3.2699999999999996,,,,False,False,False,False
price_family_ma9_structural_linked,isle_of_wight_county_va__county,mortgage_rate_affordability_shock,,,0,36,,,3.2699999999999996,,,,False,False,False,False
price_family_ma9_structural_linked,james_city_county_va__county,mortgage_rate_affordability_shock,,,0,36,,,3.2699999999999996,,,,False,False,False,False
price_family_ma9_structural_linked,kern_county_ca__county,mortgage_rate_affordability_shock,,,0,36,,,3.2699999999999996,,,,False,False,False,False
price_family_ma9_structural_linked,king_and_queen_county_va__county,mortgage_rate_affordability_shock,,,0,36,,,3.2699999999999996,,,,False,False,False,False
price_family_ma9_structural_linked,king_william_county_va__county,mortgage_rate_affordability_shock,,,0,36,,,3.2699999999999996,,,,False,False,False,False
price_family_ma9_structural_linked,kings_county_ca__county,mortgage_rate_affordability_shock,,,0,36,,,3.2699999999999996,,,,False,False,False,False
price_family_ma9_structural_linked,lake_county_ca__county,mortgage_rate_affordability_shock,,,0,36,,,3.2699999999999996,,,,False,False,False,False
price_family_ma9_structural_linked,lassen_county_ca__county,mortgage_rate_affordability_shock,,,0,36,,,3.2699999999999996,,,,False,False,False,False
price_family_ma9_structural_linked,los_angeles_ca_metro_area__cbsa_metro,mortgage_rate_affordability_shock,,,0,0,,,,,,,False,False,False,False
price_family_ma9_structural_linked,los_angeles_county_ca__county,mortgage_rate_affordability_shock,,,0,36,,,3.2699999999999996,,,,False,False,False,False
price_family_ma9_structural_linked,loudoun_county_va__county,mortgage_rate_affordability_shock,,,0,36,,,3.2699999999999996,,,,False,False,False,False
price_family_ma9_structural_linked,lynchburg_va__county,mortgage_rate_affordability_shock,,,0,36,,,3.2699999999999996,,,,False,False,False,False
price_family_ma9_structural_linked,lynchburg_va_metro_area__cbsa_metro,mortgage_rate_affordability_shock,,,0,36,,,3.2699999999999996,,,,False,False,False,False
price_family_ma9_structural_linked,madera_ca_metro_area__cbsa_metro,mortgage_rate_affordability_shock,,,0,36,,,3.2699999999999996,,,,False,False,False,False
price_family_ma9_structural_linked,madera_county_ca__county,mortgage_rate_affordability_shock,,,0,36,,,3.2699999999999996,,,,False,False,False,False
price_family_ma9_structural_linked,madison_county_va__county,mortgage_rate_affordability_shock,,,0,36,,,3.2699999999999996,,,,False,False,False,False
price_family_ma9_structural_linked,manassas_park_va__county,mortgage_rate_affordability_shock,,,0,36,,,3.2699999999999996,,,,False,False,False,False
price_family_ma9_structural_linked,manassas_va__county,mortgage_rate_affordability_shock,,,0,36,,,3.2699999999999996,,,,False,False,False,False
price_family_ma9_structural_linked,marin_county_ca__county,mortgage_rate_affordability_shock,,,0,36,,,3.2699999999999996,,,,False,False,False,False
price_family_ma9_structural_linked,martinsville_va__county,mortgage_rate_affordability_shock,,,0,36,,,3.2699999999999996,,,,False,False,False,False
price_family_ma9_structural_linked,martinsville_va_metro_area__cbsa_metro,mortgage_rate_affordability_shock,,,0,36,,,3.2699999999999996,,,,False,False,False,False
price_family_ma9_structural_linked,maryland__state,mortgage_rate_affordability_shock,,,0,36,,,3.2699999999999996,,,,False,False,False,False
price_family_ma9_structural_linked,mathews_county_va__county,mortgage_rate_affordability_shock,,,0,36,,,3.2699999999999996,,,,False,False,False,False
price_family_ma9_structural_linked,mendocino_county_ca__county,mortgage_rate_affordability_shock,,,0,36,,,3.2699999999999996,,,,False,False,False,False
price_family_ma9_structural_linked,merced_ca_metro_area__cbsa_metro,mortgage_rate_affordability_shock,,,0,36,,,3.2699999999999996,,,,False,False,False,False
price_family_ma9_structural_linked,merced_county_ca__county,mortgage_rate_affordability_shock,,,0,36,,,3.2699999999999996,,,,False,False,False,False
price_family_ma9_structural_linked,mercer_county_nj__county,mortgage_rate_affordability_shock,,,0,36,,,3.2699999999999996,,,,False,False,False,False
price_family_ma9_structural_linked,middlesex_county_nj__county,mortgage_rate_affordability_shock,,,0,36,,,3.2699999999999996,,,,False,False,False,False
price_family_ma9_structural_linked,modesto_ca_metro_area__cbsa_metro,mortgage_rate_affordability_shock,,,0,36,,,3.2699999999999996,,,,False,False,False,False
price_family_ma9_structural_linked,monmouth_county_nj__county,mortgage_rate_affordability_shock,,,0,36,,,3.2699999999999996,,,,False,False,False,False
price_family_ma9_structural_linked,monterey_county_ca__county,mortgage_rate_affordability_shock,,,0,36,,,3.2699999999999996,,,,False,False,False,False
price_family_ma9_structural_linked,montgomery_county_md__county,mortgage_rate_affordability_shock,,,0,36,,,3.2699999999999996,,,,False,False,False,False
price_family_ma9_structural_linked,montgomery_county_va__county,mortgage_rate_affordability_shock,,,0,36,,,3.2699999999999996,,,,False,False,False,False
price_family_ma9_structural_linked,morris_county_nj__county,mortgage_rate_affordability_shock,,,0,36,,,3.2699999999999996,,,,False,False,False,False
price_family_ma9_structural_linked,napa_ca_metro_area__cbsa_metro,mortgage_rate_affordability_shock,,,0,36,,,3.2699999999999996,,,,False,False,False,False
price_family_ma9_structural_linked,napa_county_ca__county,mortgage_rate_affordability_shock,,,0,36,,,3.2699999999999996,,,,False,False,False,False
price_family_ma9_structural_linked,nelson_county_va__county,mortgage_rate_affordability_shock,,,0,36,,,3.2699999999999996,,,,False,False,False,False
price_family_ma9_structural_linked,nevada_county_ca__county,mortgage_rate_affordability_shock,,,0,36,,,3.2699999999999996,,,,False,False,False,False
price_family_ma9_structural_linked,new_brunswick_nj_metro_area__cbsa_metro,mortgage_rate_affordability_shock,,,0,0,,,,,,,False,False,False,False
price_family_ma9_structural_linked,new_jersey__state,mortgage_rate_affordability_shock,,,0,36,,,3.2699999999999996,,,,False,False,False,False
price_family_ma9_structural_linked,new_kent_county_va__county,mortgage_rate_affordability_shock,,,0,36,,,3.2699999999999996,,,,False,False,False,False
price_family_ma9_structural_linked,newark_nj_metro_area__cbsa_metro,mortgage_rate_affordability_shock,,,0,0,,,,,,,False,False,False,False
price_family_ma9_structural_linked,newport_news_va__county,mortgage_rate_affordability_shock,,,0,36,,,3.2699999999999996,,,,False,False,False,False
price_family_ma9_structural_linked,norfolk_va__county,mortgage_rate_affordability_shock,,,0,36,,,3.2699999999999996,,,,False,False,False,False
price_family_ma9_structural_linked,norton_va__county,mortgage_rate_affordability_shock,,,0,34,,,3.2699999999999996,,,,False,False,False,False
price_family_ma9_structural_linked,oakland_ca_metro_area__cbsa_metro,mortgage_rate_affordability_shock,,,0,0,,,,,,,False,False,False,False
price_family_ma9_structural_linked,ocean_city_nj_metro_area__cbsa_metro,mortgage_rate_affordability_shock,,,0,36,,,3.2699999999999996,,,,False,False,False,False
price_family_ma9_structural_linked,ocean_county_nj__county,mortgage_rate_affordability_shock,,,0,36,,,3.2699999999999996,,,,False,False,False,False
price_family_ma9_structural_linked,orange_county_ca__county,mortgage_rate_affordability_shock,,,0,36,,,3.2699999999999996,,,,False,False,False,False
price_family_ma9_structural_linked,oxnard_ca_metro_area__cbsa_metro,mortgage_rate_affordability_shock,,,0,36,,,3.2699999999999996,,,,False,False,False,False
price_family_ma9_structural_linked,petersburg_va__county,mortgage_rate_affordability_shock,,,0,36,,,3.2699999999999996,,,,False,False,False,False
price_family_ma9_structural_linked,pittsylvania_county_va__county,mortgage_rate_affordability_shock,,,0,36,,,3.2699999999999996,,,,False,False,False,False
price_family_ma9_structural_linked,placer_county_ca__county,mortgage_rate_affordability_shock,,,0,36,,,3.2699999999999996,,,,False,False,False,False
price_family_ma9_structural_linked,poquoson_va__county,mortgage_rate_affordability_shock,,,0,36,,,3.2699999999999996,,,,False,False,False,False
price_family_ma9_structural_linked,portsmouth_va__county,mortgage_rate_affordability_shock,,,0,36,,,3.2699999999999996,,,,False,False,False,False
price_family_ma9_structural_linked,powhatan_county_va__county,mortgage_rate_affordability_shock,,,0,36,,,3.2699999999999996,,,,False,False,False,False
price_family_ma9_structural_linked,prince_george_county_va__county,mortgage_rate_affordability_shock,,,0,36,,,3.2699999999999996,,,,False,False,False,False
price_family_ma9_structural_linked,prince_george_s_county_md__county,mortgage_rate_affordability_shock,,,0,36,,,3.2699999999999996,,,,False,False,False,False
price_family_ma9_structural_linked,prince_william_county_va__county,mortgage_rate_affordability_shock,,,0,36,,,3.2699999999999996,,,,False,False,False,False
price_family_ma9_structural_linked,pulaski_county_va__county,mortgage_rate_affordability_shock,,,0,36,,,3.2699999999999996,,,,False,False,False,False
price_family_ma9_structural_linked,queen_anne_s_county_md__county,mortgage_rate_affordability_shock,,,0,36,,,3.2699999999999996,,,,False,False,False,False
price_family_ma9_structural_linked,radford_va__county,mortgage_rate_affordability_shock,,,0,36,,,3.2699999999999996,,,,False,False,False,False
price_family_ma9_structural_linked,rappahannock_county_va__county,mortgage_rate_affordability_shock,,,0,36,,,3.2699999999999996,,,,False,False,False,False
price_family_ma9_structural_linked,red_bluff_ca_metro_area__cbsa_metro,mortgage_rate_affordability_shock,,,0,36,,,3.2699999999999996,,,,False,False,False,False
price_family_ma9_structural_linked,redding_ca_metro_area__cbsa_metro,mortgage_rate_affordability_shock,,,0,36,,,3.2699999999999996,,,,False,False,False,False
price_family_ma9_structural_linked,richmond_city_county_va__county,mortgage_rate_affordability_shock,,,0,36,,,3.2699999999999996,,,,False,False,False,False
price_family_ma9_structural_linked,richmond_va_metro_area__cbsa_metro,mortgage_rate_affordability_shock,,,0,36,,,3.2699999999999996,,,,False,False,False,False
price_family_ma9_structural_linked,riverside_ca_metro_area__cbsa_metro,mortgage_rate_affordability_shock,,,0,36,,,3.2699999999999996,,,,False,False,False,False
price_family_ma9_structural_linked,riverside_county_ca__county,mortgage_rate_affordability_shock,,,0,36,,,3.2699999999999996,,,,False,False,False,False
price_family_ma9_structural_linked,roanoke_city_county_va__county,mortgage_rate_affordability_shock,,,0,36,,,3.2699999999999996,,,,False,False,False,False
price_family_ma9_structural_linked,roanoke_county_va__county,mortgage_rate_affordability_shock,,,0,36,,,3.2699999999999996,,,,False,False,False,False
price_family_ma9_structural_linked,roanoke_va_metro_area__cbsa_metro,mortgage_rate_affordability_shock,,,0,36,,,3.2699999999999996,,,,False,False,False,False
price_family_ma9_structural_linked,rockingham_county_va__county,mortgage_rate_affordability_shock,,,0,36,,,3.2699999999999996,,,,False,False,False,False
price_family_ma9_structural_linked,sacramento_ca_metro_area__cbsa_metro,mortgage_rate_affordability_shock,,,0,36,,,3.2699999999999996,,,,False,False,False,False
price_family_ma9_structural_linked,sacramento_county_ca__county,mortgage_rate_affordability_shock,,,0,36,,,3.2699999999999996,,,,False,False,False,False
price_family_ma9_structural_linked,salem_va__county,mortgage_rate_affordability_shock,,,0,36,,,3.2699999999999996,,,,False,False,False,False
price_family_ma9_structural_linked,salinas_ca_metro_area__cbsa_metro,mortgage_rate_affordability_shock,,,0,36,,,3.2699999999999996,,,,False,False,False,False
price_family_ma9_structural_linked,san_benito_county_ca__county,mortgage_rate_affordability_shock,,,0,36,,,3.2699999999999996,,,,False,False,False,False
price_family_ma9_structural_linked,san_bernardino_county_ca__county,mortgage_rate_affordability_shock,,,0,36,,,3.2699999999999996,,,,False,False,False,False
price_family_ma9_structural_linked,san_diego_ca_metro_area__cbsa_metro,mortgage_rate_affordability_shock,,,0,36,,,3.2699999999999996,,,,False,False,False,False
price_family_ma9_structural_linked,san_diego_county_ca__county,mortgage_rate_affordability_shock,,,0,36,,,3.2699999999999996,,,,False,False,False,False
price_family_ma9_structural_linked,san_francisco_ca_metro_area__cbsa_metro,mortgage_rate_affordability_shock,,,0,0,,,,,,,False,False,False,False
price_family_ma9_structural_linked,san_francisco_county_ca__county,mortgage_rate_affordability_shock,,,0,36,,,3.2699999999999996,,,,False,False,False,False
price_family_ma9_structural_linked,san_joaquin_county_ca__county,mortgage_rate_affordability_shock,,,0,36,,,3.2699999999999996,,,,False,False,False,False
price_family_ma9_structural_linked,san_jose_ca_metro_area__cbsa_metro,mortgage_rate_affordability_shock,,,0,36,,,3.2699999999999996,,,,False,False,False,False
price_family_ma9_structural_linked,san_luis_obispo_ca_metro_area__cbsa_metro,mortgage_rate_affordability_shock,,,0,36,,,3.2699999999999996,,,,False,False,False,False
price_family_ma9_structural_linked,san_luis_obispo_county_ca__county,mortgage_rate_affordability_shock,,,0,36,,,3.2699999999999996,,,,False,False,False,False
price_family_ma9_structural_linked,san_mateo_county_ca__county,mortgage_rate_affordability_shock,,,0,36,,,3.2699999999999996,,,,False,False,False,False
price_family_ma9_structural_linked,san_rafael_ca_metro_area__cbsa_metro,mortgage_rate_affordability_shock,,,0,0,,,,,,,False,False,False,False
price_family_ma9_structural_linked,santa_barbara_county_ca__county,mortgage_rate_affordability_shock,,,0,36,,,3.2699999999999996,,,,False,False,False,False
price_family_ma9_structural_linked,santa_clara_county_ca__county,mortgage_rate_affordability_shock,,,0,36,,,3.2699999999999996,,,,False,False,False,False
price_family_ma9_structural_linked,santa_cruz_ca_metro_area__cbsa_metro,mortgage_rate_affordability_shock,,,0,36,,,3.2699999999999996,,,,False,False,False,False
price_family_ma9_structural_linked,santa_cruz_county_ca__county,mortgage_rate_affordability_shock,,,0,36,,,3.2699999999999996,,,,False,False,False,False
price_family_ma9_structural_linked,santa_maria_ca_metro_area__cbsa_metro,mortgage_rate_affordability_shock,,,0,36,,,3.2699999999999996,,,,False,False,False,False
price_family_ma9_structural_linked,santa_rosa_ca_metro_area__cbsa_metro,mortgage_rate_affordability_shock,,,0,36,,,3.2699999999999996,,,,False,False,False,False
price_family_ma9_structural_linked,shasta_county_ca__county,mortgage_rate_affordability_shock,,,0,36,,,3.2699999999999996,,,,False,False,False,False
price_family_ma9_structural_linked,solano_county_ca__county,mortgage_rate_affordability_shock,,,0,36,,,3.2699999999999996,,,,False,False,False,False
price_family_ma9_structural_linked,somerset_county_nj__county,mortgage_rate_affordability_shock,,,0,36,,,3.2699999999999996,,,,False,False,False,False
price_family_ma9_structural_linked,sonoma_county_ca__county,mortgage_rate_affordability_shock,,,0,36,,,3.2699999999999996,,,,False,False,False,False
price_family_ma9_structural_linked,sonora_ca_metro_area__cbsa_metro,mortgage_rate_affordability_shock,,,0,36,,,3.2699999999999996,,,,False,False,False,False
price_family_ma9_structural_linked,southampton_county_va__county,mortgage_rate_affordability_shock,,,0,36,,,3.2699999999999996,,,,False,False,False,False
price_family_ma9_structural_linked,spotsylvania_county_va__county,mortgage_rate_affordability_shock,,,0,36,,,3.2699999999999996,,,,False,False,False,False
price_family_ma9_structural_linked,st_mary_s_county_md__county,mortgage_rate_affordability_shock,,,0,36,,,3.2699999999999996,,,,False,False,False,False
price_family_ma9_structural_linked,stafford_county_va__county,mortgage_rate_affordability_shock,,,0,36,,,3.2699999999999996,,,,False,False,False,False
price_family_ma9_structural_linked,stanislaus_county_ca__county,mortgage_rate_affordability_shock,,,0,36,,,3.2699999999999996,,,,False,False,False,False
price_family_ma9_structural_linked,staunton_va__county,mortgage_rate_affordability_shock,,,0,36,,,3.2699999999999996,,,,False,False,False,False
price_family_ma9_structural_linked,staunton_va_metro_area__cbsa_metro,mortgage_rate_affordability_shock,,,0,36,,,3.2699999999999996,,,,False,False,False,False
price_family_ma9_structural_linked,stockton_ca_metro_area__cbsa_metro,mortgage_rate_affordability_shock,,,0,36,,,3.2699999999999996,,,,False,False,False,False
price_family_ma9_structural_linked,suffolk_va__county,mortgage_rate_affordability_shock,,,0,36,,,3.2699999999999996,,,,False,False,False,False
price_family_ma9_structural_linked,susanville_ca_metro_area__cbsa_metro,mortgage_rate_affordability_shock,,,0,36,,,3.2699999999999996,,,,False,False,False,False
price_family_ma9_structural_linked,sussex_county_nj__county,mortgage_rate_affordability_shock,,,0,36,,,3.2699999999999996,,,,False,False,False,False
price_family_ma9_structural_linked,sussex_county_va__county,mortgage_rate_affordability_shock,,,0,36,,,3.2699999999999996,,,,False,False,False,False
price_family_ma9_structural_linked,sutter_county_ca__county,mortgage_rate_affordability_shock,,,0,36,,,3.2699999999999996,,,,False,False,False,False
price_family_ma9_structural_linked,talbot_county_md__county,mortgage_rate_affordability_shock,,,0,36,,,3.2699999999999996,,,,False,False,False,False
price_family_ma9_structural_linked,tehama_county_ca__county,mortgage_rate_affordability_shock,,,0,36,,,3.2699999999999996,,,,False,False,False,False
price_family_ma9_structural_linked,trenton_nj_metro_area__cbsa_metro,mortgage_rate_affordability_shock,,,0,36,,,3.2699999999999996,,,,False,False,False,False
price_family_ma9_structural_linked,truckee_ca_metro_area__cbsa_metro,mortgage_rate_affordability_shock,,,0,36,,,3.2699999999999996,,,,False,False,False,False
price_family_ma9_structural_linked,tulare_county_ca__county,mortgage_rate_affordability_shock,,,0,36,,,3.2699999999999996,,,,False,False,False,False
price_family_ma9_structural_linked,tuolumne_county_ca__county,mortgage_rate_affordability_shock,,,0,36,,,3.2699999999999996,,,,False,False,False,False
price_family_ma9_structural_linked,ukiah_ca_metro_area__cbsa_metro,mortgage_rate_affordability_shock,,,0,36,,,3.2699999999999996,,,,False,False,False,False
price_family_ma9_structural_linked,union_county_nj__county,mortgage_rate_affordability_shock,,,0,36,,,3.2699999999999996,,,,False,False,False,False
price_family_ma9_structural_linked,vallejo_ca_metro_area__cbsa_metro,mortgage_rate_affordability_shock,,,0,36,,,3.2699999999999996,,,,False,False,False,False
price_family_ma9_structural_linked,ventura_county_ca__county,mortgage_rate_affordability_shock,,,0,36,,,3.2699999999999996,,,,False,False,False,False
price_family_ma9_structural_linked,vineland_nj_metro_area__cbsa_metro,mortgage_rate_affordability_shock,,,0,36,,,3.2699999999999996,,,,False,False,False,False
price_family_ma9_structural_linked,virginia__state,mortgage_rate_affordability_shock,,,0,36,,,3.2699999999999996,,,,False,False,False,False
price_family_ma9_structural_linked,virginia_beach_va__county,mortgage_rate_affordability_shock,,,0,36,,,3.2699999999999996,,,,False,False,False,False
price_family_ma9_structural_linked,virginia_beach_va_metro_area__cbsa_metro,mortgage_rate_affordability_shock,,,0,36,,,3.2699999999999996,,,,False,False,False,False
price_family_ma9_structural_linked,visalia_ca_metro_area__cbsa_metro,mortgage_rate_affordability_shock,,,0,36,,,3.2699999999999996,,,,False,False,False,False
price_family_ma9_structural_linked,warren_county_va__county,mortgage_rate_affordability_shock,,,0,36,,,3.2699999999999996,,,,False,False,False,False
price_family_ma9_structural_linked,washington_county_md__county,mortgage_rate_affordability_shock,,,0,36,,,3.2699999999999996,,,,False,False,False,False
price_family_ma9_structural_linked,washington_dc_metro_area__cbsa_metro,mortgage_rate_affordability_shock,,,0,0,,,,,,,False,False,False,False
price_family_ma9_structural_linked,waynesboro_va__county,mortgage_rate_affordability_shock,,,0,36,,,3.2699999999999996,,,,False,False,False,False
price_family_ma9_structural_linked,williamsburg_va__county,mortgage_rate_affordability_shock,,,0,36,,,3.2699999999999996,,,,False,False,False,False
price_family_ma9_structural_linked,winchester_va__county,mortgage_rate_affordability_shock,,,0,36,,,3.2699999999999996,,,,False,False,False,False
price_family_ma9_structural_linked,winchester_va_metro_area__cbsa_metro,mortgage_rate_affordability_shock,,,0,36,,,3.2699999999999996,,,,False,False,False,False
price_family_ma9_structural_linked,wise_county_va__county,mortgage_rate_affordability_shock,,,0,36,,,3.2699999999999996,,,,False,False,False,False
price_family_ma9_structural_linked,yolo_county_ca__county,mortgage_rate_affordability_shock,,,0,36,,,3.2699999999999996,,,,False,False,False,False
price_family_ma9_structural_linked,york_county_va__county,mortgage_rate_affordability_shock,,,0,36,,,3.2699999999999996,,,,False,False,False,False
price_family_ma9_structural_linked,yuba_city_ca_metro_area__cbsa_metro,mortgage_rate_affordability_shock,,,0,36,,,3.2699999999999996,,,,False,False,False,False
price_family_ma9_structural_linked,yuba_county_ca__county,mortgage_rate_affordability_shock,,,0,36,,,3.2699999999999996,,,,False,False,False,False
