geo_name,geo_level,redfin_code,state_code,include,notes
"20001, District of Columbia, DC",zip,7747,DC,1,"Generated from Redfin local context hierarchy; zip5=20001; state_code=DC; county=District of Columbia, DC; redfin_table_id=7747; parent_county_table_id=436"
"20002, District of Columbia, DC",zip,7748,DC,1,"Generated from Redfin local context hierarchy; zip5=20002; state_code=DC; county=District of Columbia, DC; redfin_table_id=7748; parent_county_table_id=436"
"20003, District of Columbia, DC",zip,7749,DC,1,"Generated from Redfin local context hierarchy; zip5=20003; state_code=DC; county=District of Columbia, DC; redfin_table_id=7749; parent_county_table_id=436"
"20004, District of Columbia, DC",zip,7750,DC,1,"Generated from Redfin local context hierarchy; zip5=20004; state_code=DC; county=District of Columbia, DC; redfin_table_id=7750; parent_county_table_id=436"
"20005, District of Columbia, DC",zip,7751,DC,1,"Generated from Redfin local context hierarchy; zip5=20005; state_code=DC; county=District of Columbia, DC; redfin_table_id=7751; parent_county_table_id=436"
"20006, District of Columbia, DC",zip,7752,DC,1,"Generated from Redfin local context hierarchy; zip5=20006; state_code=DC; county=District of Columbia, DC; redfin_table_id=7752; parent_county_table_id=436"
"20007, District of Columbia, DC",zip,7753,DC,1,"Generated from Redfin local context hierarchy; zip5=20007; state_code=DC; county=District of Columbia, DC; redfin_table_id=7753; parent_county_table_id=436"
"20008, District of Columbia, DC",zip,7754,DC,1,"Generated from Redfin local context hierarchy; zip5=20008; state_code=DC; county=District of Columbia, DC; redfin_table_id=7754; parent_county_table_id=436"
"20009, District of Columbia, DC",zip,7755,DC,1,"Generated from Redfin local context hierarchy; zip5=20009; state_code=DC; county=District of Columbia, DC; redfin_table_id=7755; parent_county_table_id=436"
"20010, District of Columbia, DC",zip,7756,DC,1,"Generated from Redfin local context hierarchy; zip5=20010; state_code=DC; county=District of Columbia, DC; redfin_table_id=7756; parent_county_table_id=436"
"20011, District of Columbia, DC",zip,7757,DC,1,"Generated from Redfin local context hierarchy; zip5=20011; state_code=DC; county=District of Columbia, DC; redfin_table_id=7757; parent_county_table_id=436"
"20012, District of Columbia, DC",zip,7758,DC,1,"Generated from Redfin local context hierarchy; zip5=20012; state_code=DC; county=District of Columbia, DC; redfin_table_id=7758; parent_county_table_id=436"
"20015, District of Columbia, DC",zip,7760,DC,1,"Generated from Redfin local context hierarchy; zip5=20015; state_code=DC; county=District of Columbia, DC; redfin_table_id=7760; parent_county_table_id=436"
"20016, District of Columbia, DC",zip,7761,DC,1,"Generated from Redfin local context hierarchy; zip5=20016; state_code=DC; county=District of Columbia, DC; redfin_table_id=7761; parent_county_table_id=436"
"20017, District of Columbia, DC",zip,7762,DC,1,"Generated from Redfin local context hierarchy; zip5=20017; state_code=DC; county=District of Columbia, DC; redfin_table_id=7762; parent_county_table_id=436"
"20018, District of Columbia, DC",zip,7763,DC,1,"Generated from Redfin local context hierarchy; zip5=20018; state_code=DC; county=District of Columbia, DC; redfin_table_id=7763; parent_county_table_id=436"
"20019, District of Columbia, DC",zip,7764,DC,1,"Generated from Redfin local context hierarchy; zip5=20019; state_code=DC; county=District of Columbia, DC; redfin_table_id=7764; parent_county_table_id=436"
"20020, District of Columbia, DC",zip,7765,DC,1,"Generated from Redfin local context hierarchy; zip5=20020; state_code=DC; county=District of Columbia, DC; redfin_table_id=7765; parent_county_table_id=436"
"20024, District of Columbia, DC",zip,7768,DC,1,"Generated from Redfin local context hierarchy; zip5=20024; state_code=DC; county=District of Columbia, DC; redfin_table_id=7768; parent_county_table_id=436"
"20027, District of Columbia, DC",zip,7770,DC,1,"Generated from Redfin local context hierarchy; zip5=20027; state_code=DC; county=District of Columbia, DC; redfin_table_id=7770; parent_county_table_id=436"
"20030, District of Columbia, DC",zip,7772,DC,1,"Generated from Redfin local context hierarchy; zip5=20030; state_code=DC; county=District of Columbia, DC; redfin_table_id=7772; parent_county_table_id=436"
"20032, District of Columbia, DC",zip,7773,DC,1,"Generated from Redfin local context hierarchy; zip5=20032; state_code=DC; county=District of Columbia, DC; redfin_table_id=7773; parent_county_table_id=436"
"20036, District of Columbia, DC",zip,7776,DC,1,"Generated from Redfin local context hierarchy; zip5=20036; state_code=DC; county=District of Columbia, DC; redfin_table_id=7776; parent_county_table_id=436"
"20037, District of Columbia, DC",zip,7777,DC,1,"Generated from Redfin local context hierarchy; zip5=20037; state_code=DC; county=District of Columbia, DC; redfin_table_id=7777; parent_county_table_id=436"
"20040, District of Columbia, DC",zip,7780,DC,1,"Generated from Redfin local context hierarchy; zip5=20040; state_code=DC; county=District of Columbia, DC; redfin_table_id=7780; parent_county_table_id=436"
"20059, District of Columbia, DC",zip,7797,DC,1,"Generated from Redfin local context hierarchy; zip5=20059; state_code=DC; county=District of Columbia, DC; redfin_table_id=7797; parent_county_table_id=436"
"20060, District of Columbia, DC",zip,7798,DC,1,"Generated from Redfin local context hierarchy; zip5=20060; state_code=DC; county=District of Columbia, DC; redfin_table_id=7798; parent_county_table_id=436"
"20216, District of Columbia, DC",zip,7920,DC,1,"Generated from Redfin local context hierarchy; zip5=20216; state_code=DC; county=District of Columbia, DC; redfin_table_id=7920; parent_county_table_id=436"
"20226, District of Columbia, DC",zip,7929,DC,1,"Generated from Redfin local context hierarchy; zip5=20226; state_code=DC; county=District of Columbia, DC; redfin_table_id=7929; parent_county_table_id=436"
"20227, District of Columbia, DC",zip,7930,DC,1,"Generated from Redfin local context hierarchy; zip5=20227; state_code=DC; county=District of Columbia, DC; redfin_table_id=7930; parent_county_table_id=436"
"20306, District of Columbia, DC",zip,7960,DC,1,"Generated from Redfin local context hierarchy; zip5=20306; state_code=DC; county=District of Columbia, DC; redfin_table_id=7960; parent_county_table_id=436"
"20391, District of Columbia, DC",zip,7981,DC,1,"Generated from Redfin local context hierarchy; zip5=20391; state_code=DC; county=District of Columbia, DC; redfin_table_id=7981; parent_county_table_id=436"
"20398, District of Columbia, DC",zip,7986,DC,1,"Generated from Redfin local context hierarchy; zip5=20398; state_code=DC; county=District of Columbia, DC; redfin_table_id=7986; parent_county_table_id=436"
"20422, District of Columbia, DC",zip,8007,DC,1,"Generated from Redfin local context hierarchy; zip5=20422; state_code=DC; county=District of Columbia, DC; redfin_table_id=8007; parent_county_table_id=436"
"20515, District of Columbia, DC",zip,8048,DC,1,"Generated from Redfin local context hierarchy; zip5=20515; state_code=DC; county=District of Columbia, DC; redfin_table_id=8048; parent_county_table_id=436"
"20529, District of Columbia, DC",zip,8058,DC,1,"Generated from Redfin local context hierarchy; zip5=20529; state_code=DC; county=District of Columbia, DC; redfin_table_id=8058; parent_county_table_id=436"
"20560, District of Columbia, DC",zip,8086,DC,1,"Generated from Redfin local context hierarchy; zip5=20560; state_code=DC; county=District of Columbia, DC; redfin_table_id=8086; parent_county_table_id=436"
"20593, District of Columbia, DC",zip,8104,DC,1,"Generated from Redfin local context hierarchy; zip5=20593; state_code=DC; county=District of Columbia, DC; redfin_table_id=8104; parent_county_table_id=436"
"20601, Prince George's County, MD",zip,8108,MD,1,"Generated from Redfin local context hierarchy; zip5=20601; state_code=MD; county=Prince George's County, MD; redfin_table_id=8108; parent_county_table_id=1325"
"20607, Prince George's County, MD",zip,8113,MD,1,"Generated from Redfin local context hierarchy; zip5=20607; state_code=MD; county=Prince George's County, MD; redfin_table_id=8113; parent_county_table_id=1325"
"20608, Prince George's County, MD",zip,8114,MD,1,"Generated from Redfin local context hierarchy; zip5=20608; state_code=MD; county=Prince George's County, MD; redfin_table_id=8114; parent_county_table_id=1325"
"20613, Prince George's County, MD",zip,8119,MD,1,"Generated from Redfin local context hierarchy; zip5=20613; state_code=MD; county=Prince George's County, MD; redfin_table_id=8119; parent_county_table_id=1325"
"20616, Prince George's County, MD",zip,8121,MD,1,"Generated from Redfin local context hierarchy; zip5=20616; state_code=MD; county=Prince George's County, MD; redfin_table_id=8121; parent_county_table_id=1325"
"20623, Prince George's County, MD",zip,8128,MD,1,"Generated from Redfin local context hierarchy; zip5=20623; state_code=MD; county=Prince George's County, MD; redfin_table_id=8128; parent_county_table_id=1325"
"20703, Prince George's County, MD",zip,8177,MD,1,"Generated from Redfin local context hierarchy; zip5=20703; state_code=MD; county=Prince George's County, MD; redfin_table_id=8177; parent_county_table_id=1325"
"20704, Prince George's County, MD",zip,8178,MD,1,"Generated from Redfin local context hierarchy; zip5=20704; state_code=MD; county=Prince George's County, MD; redfin_table_id=8178; parent_county_table_id=1325"
"20705, Prince George's County, MD",zip,8179,MD,1,"Generated from Redfin local context hierarchy; zip5=20705; state_code=MD; county=Prince George's County, MD; redfin_table_id=8179; parent_county_table_id=1325"
"20706, Prince George's County, MD",zip,8180,MD,1,"Generated from Redfin local context hierarchy; zip5=20706; state_code=MD; county=Prince George's County, MD; redfin_table_id=8180; parent_county_table_id=1325"
"20707, Prince George's County, MD",zip,8181,MD,1,"Generated from Redfin local context hierarchy; zip5=20707; state_code=MD; county=Prince George's County, MD; redfin_table_id=8181; parent_county_table_id=1325"
"20708, Prince George's County, MD",zip,8182,MD,1,"Generated from Redfin local context hierarchy; zip5=20708; state_code=MD; county=Prince George's County, MD; redfin_table_id=8182; parent_county_table_id=1325"
"20710, Prince George's County, MD",zip,8184,MD,1,"Generated from Redfin local context hierarchy; zip5=20710; state_code=MD; county=Prince George's County, MD; redfin_table_id=8184; parent_county_table_id=1325"
"20712, Prince George's County, MD",zip,8186,MD,1,"Generated from Redfin local context hierarchy; zip5=20712; state_code=MD; county=Prince George's County, MD; redfin_table_id=8186; parent_county_table_id=1325"
"20715, Prince George's County, MD",zip,8188,MD,1,"Generated from Redfin local context hierarchy; zip5=20715; state_code=MD; county=Prince George's County, MD; redfin_table_id=8188; parent_county_table_id=1325"
"20716, Prince George's County, MD",zip,8189,MD,1,"Generated from Redfin local context hierarchy; zip5=20716; state_code=MD; county=Prince George's County, MD; redfin_table_id=8189; parent_county_table_id=1325"
"20717, Prince George's County, MD",zip,8190,MD,1,"Generated from Redfin local context hierarchy; zip5=20717; state_code=MD; county=Prince George's County, MD; redfin_table_id=8190; parent_county_table_id=1325"
"20720, Prince George's County, MD",zip,8193,MD,1,"Generated from Redfin local context hierarchy; zip5=20720; state_code=MD; county=Prince George's County, MD; redfin_table_id=8193; parent_county_table_id=1325"
"20721, Prince George's County, MD",zip,8194,MD,1,"Generated from Redfin local context hierarchy; zip5=20721; state_code=MD; county=Prince George's County, MD; redfin_table_id=8194; parent_county_table_id=1325"
"20722, Prince George's County, MD",zip,8195,MD,1,"Generated from Redfin local context hierarchy; zip5=20722; state_code=MD; county=Prince George's County, MD; redfin_table_id=8195; parent_county_table_id=1325"
"20731, Prince George's County, MD",zip,8200,MD,1,"Generated from Redfin local context hierarchy; zip5=20731; state_code=MD; county=Prince George's County, MD; redfin_table_id=8200; parent_county_table_id=1325"
"20735, Prince George's County, MD",zip,8203,MD,1,"Generated from Redfin local context hierarchy; zip5=20735; state_code=MD; county=Prince George's County, MD; redfin_table_id=8203; parent_county_table_id=1325"
"20737, Prince George's County, MD",zip,8205,MD,1,"Generated from Redfin local context hierarchy; zip5=20737; state_code=MD; county=Prince George's County, MD; redfin_table_id=8205; parent_county_table_id=1325"
"20740, Prince George's County, MD",zip,8207,MD,1,"Generated from Redfin local context hierarchy; zip5=20740; state_code=MD; county=Prince George's County, MD; redfin_table_id=8207; parent_county_table_id=1325"
"20741, Prince George's County, MD",zip,8208,MD,1,"Generated from Redfin local context hierarchy; zip5=20741; state_code=MD; county=Prince George's County, MD; redfin_table_id=8208; parent_county_table_id=1325"
"20743, Prince George's County, MD",zip,8210,MD,1,"Generated from Redfin local context hierarchy; zip5=20743; state_code=MD; county=Prince George's County, MD; redfin_table_id=8210; parent_county_table_id=1325"
"20744, Prince George's County, MD",zip,8211,MD,1,"Generated from Redfin local context hierarchy; zip5=20744; state_code=MD; county=Prince George's County, MD; redfin_table_id=8211; parent_county_table_id=1325"
"20745, Prince George's County, MD",zip,8212,MD,1,"Generated from Redfin local context hierarchy; zip5=20745; state_code=MD; county=Prince George's County, MD; redfin_table_id=8212; parent_county_table_id=1325"
"20746, Prince George's County, MD",zip,8213,MD,1,"Generated from Redfin local context hierarchy; zip5=20746; state_code=MD; county=Prince George's County, MD; redfin_table_id=8213; parent_county_table_id=1325"
"20747, Prince George's County, MD",zip,8214,MD,1,"Generated from Redfin local context hierarchy; zip5=20747; state_code=MD; county=Prince George's County, MD; redfin_table_id=8214; parent_county_table_id=1325"
"20748, Prince George's County, MD",zip,8215,MD,1,"Generated from Redfin local context hierarchy; zip5=20748; state_code=MD; county=Prince George's County, MD; redfin_table_id=8215; parent_county_table_id=1325"
"20752, Prince George's County, MD",zip,8219,MD,1,"Generated from Redfin local context hierarchy; zip5=20752; state_code=MD; county=Prince George's County, MD; redfin_table_id=8219; parent_county_table_id=1325"
"20757, Prince George's County, MD",zip,8223,MD,1,"Generated from Redfin local context hierarchy; zip5=20757; state_code=MD; county=Prince George's County, MD; redfin_table_id=8223; parent_county_table_id=1325"
"20768, Prince George's County, MD",zip,8230,MD,1,"Generated from Redfin local context hierarchy; zip5=20768; state_code=MD; county=Prince George's County, MD; redfin_table_id=8230; parent_county_table_id=1325"
"20769, Prince George's County, MD",zip,8231,MD,1,"Generated from Redfin local context hierarchy; zip5=20769; state_code=MD; county=Prince George's County, MD; redfin_table_id=8231; parent_county_table_id=1325"
"20770, Prince George's County, MD",zip,8232,MD,1,"Generated from Redfin local context hierarchy; zip5=20770; state_code=MD; county=Prince George's County, MD; redfin_table_id=8232; parent_county_table_id=1325"
"20771, Prince George's County, MD",zip,8233,MD,1,"Generated from Redfin local context hierarchy; zip5=20771; state_code=MD; county=Prince George's County, MD; redfin_table_id=8233; parent_county_table_id=1325"
"20772, Prince George's County, MD",zip,8234,MD,1,"Generated from Redfin local context hierarchy; zip5=20772; state_code=MD; county=Prince George's County, MD; redfin_table_id=8234; parent_county_table_id=1325"
"20774, Prince George's County, MD",zip,8236,MD,1,"Generated from Redfin local context hierarchy; zip5=20774; state_code=MD; county=Prince George's County, MD; redfin_table_id=8236; parent_county_table_id=1325"
"20781, Prince George's County, MD",zip,8242,MD,1,"Generated from Redfin local context hierarchy; zip5=20781; state_code=MD; county=Prince George's County, MD; redfin_table_id=8242; parent_county_table_id=1325"
"20782, Prince George's County, MD",zip,8243,MD,1,"Generated from Redfin local context hierarchy; zip5=20782; state_code=MD; county=Prince George's County, MD; redfin_table_id=8243; parent_county_table_id=1325"
"20783, Prince George's County, MD",zip,8244,MD,1,"Generated from Redfin local context hierarchy; zip5=20783; state_code=MD; county=Prince George's County, MD; redfin_table_id=8244; parent_county_table_id=1325"
"20784, Prince George's County, MD",zip,8245,MD,1,"Generated from Redfin local context hierarchy; zip5=20784; state_code=MD; county=Prince George's County, MD; redfin_table_id=8245; parent_county_table_id=1325"
"20785, Prince George's County, MD",zip,8246,MD,1,"Generated from Redfin local context hierarchy; zip5=20785; state_code=MD; county=Prince George's County, MD; redfin_table_id=8246; parent_county_table_id=1325"
"20812, Montgomery County, MD",zip,8257,MD,1,"Generated from Redfin local context hierarchy; zip5=20812; state_code=MD; county=Montgomery County, MD; redfin_table_id=8257; parent_county_table_id=1324"
"20814, Montgomery County, MD",zip,8259,MD,1,"Generated from Redfin local context hierarchy; zip5=20814; state_code=MD; county=Montgomery County, MD; redfin_table_id=8259; parent_county_table_id=1324"
"20815, Montgomery County, MD",zip,8260,MD,1,"Generated from Redfin local context hierarchy; zip5=20815; state_code=MD; county=Montgomery County, MD; redfin_table_id=8260; parent_county_table_id=1324"
"20816, Montgomery County, MD",zip,8261,MD,1,"Generated from Redfin local context hierarchy; zip5=20816; state_code=MD; county=Montgomery County, MD; redfin_table_id=8261; parent_county_table_id=1324"
"20817, Montgomery County, MD",zip,8262,MD,1,"Generated from Redfin local context hierarchy; zip5=20817; state_code=MD; county=Montgomery County, MD; redfin_table_id=8262; parent_county_table_id=1324"
"20818, Montgomery County, MD",zip,8263,MD,1,"Generated from Redfin local context hierarchy; zip5=20818; state_code=MD; county=Montgomery County, MD; redfin_table_id=8263; parent_county_table_id=1324"
"20824, Montgomery County, MD",zip,8264,MD,1,"Generated from Redfin local context hierarchy; zip5=20824; state_code=MD; county=Montgomery County, MD; redfin_table_id=8264; parent_county_table_id=1324"
"20830, Montgomery County, MD",zip,8267,MD,1,"Generated from Redfin local context hierarchy; zip5=20830; state_code=MD; county=Montgomery County, MD; redfin_table_id=8267; parent_county_table_id=1324"
"20832, Montgomery County, MD",zip,8268,MD,1,"Generated from Redfin local context hierarchy; zip5=20832; state_code=MD; county=Montgomery County, MD; redfin_table_id=8268; parent_county_table_id=1324"
"20833, Montgomery County, MD",zip,8269,MD,1,"Generated from Redfin local context hierarchy; zip5=20833; state_code=MD; county=Montgomery County, MD; redfin_table_id=8269; parent_county_table_id=1324"
"20837, Montgomery County, MD",zip,8270,MD,1,"Generated from Redfin local context hierarchy; zip5=20837; state_code=MD; county=Montgomery County, MD; redfin_table_id=8270; parent_county_table_id=1324"
"20838, Montgomery County, MD",zip,8271,MD,1,"Generated from Redfin local context hierarchy; zip5=20838; state_code=MD; county=Montgomery County, MD; redfin_table_id=8271; parent_county_table_id=1324"
"20839, Montgomery County, MD",zip,8272,MD,1,"Generated from Redfin local context hierarchy; zip5=20839; state_code=MD; county=Montgomery County, MD; redfin_table_id=8272; parent_county_table_id=1324"
"20841, Montgomery County, MD",zip,8273,MD,1,"Generated from Redfin local context hierarchy; zip5=20841; state_code=MD; county=Montgomery County, MD; redfin_table_id=8273; parent_county_table_id=1324"
"20842, Montgomery County, MD",zip,8274,MD,1,"Generated from Redfin local context hierarchy; zip5=20842; state_code=MD; county=Montgomery County, MD; redfin_table_id=8274; parent_county_table_id=1324"
"20848, Montgomery County, MD",zip,8276,MD,1,"Generated from Redfin local context hierarchy; zip5=20848; state_code=MD; county=Montgomery County, MD; redfin_table_id=8276; parent_county_table_id=1324"
"20849, Montgomery County, MD",zip,8277,MD,1,"Generated from Redfin local context hierarchy; zip5=20849; state_code=MD; county=Montgomery County, MD; redfin_table_id=8277; parent_county_table_id=1324"
"20850, Montgomery County, MD",zip,8278,MD,1,"Generated from Redfin local context hierarchy; zip5=20850; state_code=MD; county=Montgomery County, MD; redfin_table_id=8278; parent_county_table_id=1324"
"20851, Montgomery County, MD",zip,8279,MD,1,"Generated from Redfin local context hierarchy; zip5=20851; state_code=MD; county=Montgomery County, MD; redfin_table_id=8279; parent_county_table_id=1324"
"20852, Montgomery County, MD",zip,8280,MD,1,"Generated from Redfin local context hierarchy; zip5=20852; state_code=MD; county=Montgomery County, MD; redfin_table_id=8280; parent_county_table_id=1324"
"20853, Montgomery County, MD",zip,8281,MD,1,"Generated from Redfin local context hierarchy; zip5=20853; state_code=MD; county=Montgomery County, MD; redfin_table_id=8281; parent_county_table_id=1324"
"20854, Montgomery County, MD",zip,8282,MD,1,"Generated from Redfin local context hierarchy; zip5=20854; state_code=MD; county=Montgomery County, MD; redfin_table_id=8282; parent_county_table_id=1324"
"20855, Montgomery County, MD",zip,8283,MD,1,"Generated from Redfin local context hierarchy; zip5=20855; state_code=MD; county=Montgomery County, MD; redfin_table_id=8283; parent_county_table_id=1324"
"20860, Montgomery County, MD",zip,8286,MD,1,"Generated from Redfin local context hierarchy; zip5=20860; state_code=MD; county=Montgomery County, MD; redfin_table_id=8286; parent_county_table_id=1324"
"20861, Montgomery County, MD",zip,8287,MD,1,"Generated from Redfin local context hierarchy; zip5=20861; state_code=MD; county=Montgomery County, MD; redfin_table_id=8287; parent_county_table_id=1324"
"20862, Montgomery County, MD",zip,8288,MD,1,"Generated from Redfin local context hierarchy; zip5=20862; state_code=MD; county=Montgomery County, MD; redfin_table_id=8288; parent_county_table_id=1324"
"20866, Montgomery County, MD",zip,8289,MD,1,"Generated from Redfin local context hierarchy; zip5=20866; state_code=MD; county=Montgomery County, MD; redfin_table_id=8289; parent_county_table_id=1324"
"20868, Montgomery County, MD",zip,8290,MD,1,"Generated from Redfin local context hierarchy; zip5=20868; state_code=MD; county=Montgomery County, MD; redfin_table_id=8290; parent_county_table_id=1324"
"20871, Montgomery County, MD",zip,8291,MD,1,"Generated from Redfin local context hierarchy; zip5=20871; state_code=MD; county=Montgomery County, MD; redfin_table_id=8291; parent_county_table_id=1324"
"20872, Montgomery County, MD",zip,8292,MD,1,"Generated from Redfin local context hierarchy; zip5=20872; state_code=MD; county=Montgomery County, MD; redfin_table_id=8292; parent_county_table_id=1324"
"20874, Montgomery County, MD",zip,8293,MD,1,"Generated from Redfin local context hierarchy; zip5=20874; state_code=MD; county=Montgomery County, MD; redfin_table_id=8293; parent_county_table_id=1324"
"20876, Montgomery County, MD",zip,8295,MD,1,"Generated from Redfin local context hierarchy; zip5=20876; state_code=MD; county=Montgomery County, MD; redfin_table_id=8295; parent_county_table_id=1324"
"20877, Montgomery County, MD",zip,8296,MD,1,"Generated from Redfin local context hierarchy; zip5=20877; state_code=MD; county=Montgomery County, MD; redfin_table_id=8296; parent_county_table_id=1324"
"20878, Montgomery County, MD",zip,8297,MD,1,"Generated from Redfin local context hierarchy; zip5=20878; state_code=MD; county=Montgomery County, MD; redfin_table_id=8297; parent_county_table_id=1324"
"20879, Montgomery County, MD",zip,8298,MD,1,"Generated from Redfin local context hierarchy; zip5=20879; state_code=MD; county=Montgomery County, MD; redfin_table_id=8298; parent_county_table_id=1324"
"20880, Montgomery County, MD",zip,8299,MD,1,"Generated from Redfin local context hierarchy; zip5=20880; state_code=MD; county=Montgomery County, MD; redfin_table_id=8299; parent_county_table_id=1324"
"20882, Montgomery County, MD",zip,8300,MD,1,"Generated from Redfin local context hierarchy; zip5=20882; state_code=MD; county=Montgomery County, MD; redfin_table_id=8300; parent_county_table_id=1324"
"20884, Montgomery County, MD",zip,8302,MD,1,"Generated from Redfin local context hierarchy; zip5=20884; state_code=MD; county=Montgomery County, MD; redfin_table_id=8302; parent_county_table_id=1324"
"20886, Montgomery County, MD",zip,8304,MD,1,"Generated from Redfin local context hierarchy; zip5=20886; state_code=MD; county=Montgomery County, MD; redfin_table_id=8304; parent_county_table_id=1324"
"20889, Montgomery County, MD",zip,8305,MD,1,"Generated from Redfin local context hierarchy; zip5=20889; state_code=MD; county=Montgomery County, MD; redfin_table_id=8305; parent_county_table_id=1324"
"20894, Montgomery County, MD",zip,8308,MD,1,"Generated from Redfin local context hierarchy; zip5=20894; state_code=MD; county=Montgomery County, MD; redfin_table_id=8308; parent_county_table_id=1324"
"20895, Montgomery County, MD",zip,8309,MD,1,"Generated from Redfin local context hierarchy; zip5=20895; state_code=MD; county=Montgomery County, MD; redfin_table_id=8309; parent_county_table_id=1324"
"20896, Montgomery County, MD",zip,8310,MD,1,"Generated from Redfin local context hierarchy; zip5=20896; state_code=MD; county=Montgomery County, MD; redfin_table_id=8310; parent_county_table_id=1324"
"20901, Montgomery County, MD",zip,8314,MD,1,"Generated from Redfin local context hierarchy; zip5=20901; state_code=MD; county=Montgomery County, MD; redfin_table_id=8314; parent_county_table_id=1324"
"20902, Montgomery County, MD",zip,8315,MD,1,"Generated from Redfin local context hierarchy; zip5=20902; state_code=MD; county=Montgomery County, MD; redfin_table_id=8315; parent_county_table_id=1324"
"20903, Montgomery County, MD",zip,8316,MD,1,"Generated from Redfin local context hierarchy; zip5=20903; state_code=MD; county=Montgomery County, MD; redfin_table_id=8316; parent_county_table_id=1324"
"20904, Montgomery County, MD",zip,8317,MD,1,"Generated from Redfin local context hierarchy; zip5=20904; state_code=MD; county=Montgomery County, MD; redfin_table_id=8317; parent_county_table_id=1324"
"20905, Montgomery County, MD",zip,8318,MD,1,"Generated from Redfin local context hierarchy; zip5=20905; state_code=MD; county=Montgomery County, MD; redfin_table_id=8318; parent_county_table_id=1324"
"20906, Montgomery County, MD",zip,8319,MD,1,"Generated from Redfin local context hierarchy; zip5=20906; state_code=MD; county=Montgomery County, MD; redfin_table_id=8319; parent_county_table_id=1324"
"20907, Montgomery County, MD",zip,8320,MD,1,"Generated from Redfin local context hierarchy; zip5=20907; state_code=MD; county=Montgomery County, MD; redfin_table_id=8320; parent_county_table_id=1324"
"20910, Montgomery County, MD",zip,8322,MD,1,"Generated from Redfin local context hierarchy; zip5=20910; state_code=MD; county=Montgomery County, MD; redfin_table_id=8322; parent_county_table_id=1324"
"20912, Montgomery County, MD",zip,8324,MD,1,"Generated from Redfin local context hierarchy; zip5=20912; state_code=MD; county=Montgomery County, MD; redfin_table_id=8324; parent_county_table_id=1324"
"20913, Montgomery County, MD",zip,8325,MD,1,"Generated from Redfin local context hierarchy; zip5=20913; state_code=MD; county=Montgomery County, MD; redfin_table_id=8325; parent_county_table_id=1324"
"20914, Montgomery County, MD",zip,8326,MD,1,"Generated from Redfin local context hierarchy; zip5=20914; state_code=MD; county=Montgomery County, MD; redfin_table_id=8326; parent_county_table_id=1324"
"20918, Montgomery County, MD",zip,8329,MD,1,"Generated from Redfin local context hierarchy; zip5=20918; state_code=MD; county=Montgomery County, MD; redfin_table_id=8329; parent_county_table_id=1324"
"20993, Montgomery County, MD",zip,8330,MD,1,"Generated from Redfin local context hierarchy; zip5=20993; state_code=MD; county=Montgomery County, MD; redfin_table_id=8330; parent_county_table_id=1324"
"21771, Montgomery County, MD",zip,8644,MD,1,"Generated from Redfin local context hierarchy; zip5=21771; state_code=MD; county=Montgomery County, MD; redfin_table_id=8644; parent_county_table_id=1324"
